url,title,stars,reviewers,cost,cost_2,cost_3,kindle,kindle_2,kindle_3
https://www.amazon.com.mx/Hands-Introduction-Data-Science/dp/1108472443/ref=sr_1_87?__mk_es_MX=%C3%85M%C3%85%C5%BD%C3%95%C3%91&dchild=1&keywords=data+science&qid=1619021539&sr=8-87,A Hands-On Introduction to Data Science,4.9,29,999.8,898.42,0,0,999.8,0
https://www.amazon.com.mx/Introduction-Data-Science-Prediction-Algorithms/dp/0367357984/ref=sr_1_25?__mk_es_MX=%C3%85M%C3%85%C5%BD%C3%95%C3%91&dchild=1&keywords=data+science&qid=1619021523&sr=8-25,Introduction to Data Science: Data Analysis and Prediction Algorithms with R,4.7,16,999,599.2,0,0,999,0
https://www.amazon.com.mx/Data-Science-Google-Cloud-Platform/dp/1491974567/ref=sr_1_95?__mk_es_MX=%C3%85M%C3%85%C5%BD%C3%95%C3%91&dchild=1&keywords=data+science&qid=1619021539&sr=8-95,Data Science on the Google Cloud Platform: Implementing End-To-End Real-Time Data Pipelines: From Ingest to Machine Learning,4.3,44,960.8,748.7,0,0,960.8,0
https://www.amazon.com.mx/Measuring-Abundance-Estimation-Population-Richness/dp/1784272310/ref=sr_1_130?__mk_es_MX=%C3%85M%C3%85%C5%BD%C3%95%C3%91&dchild=1&keywords=data+science&qid=1619021554&sr=8-130,Measuring Abundance: Methods for the Estimation of Population Size and Species Richness,0,0,953.21,789.17,0,0,953.21,0
https://www.amazon.com.mx/Programming-Skills-Data-Science-Visualize/dp/0135133106/ref=sr_1_105?__mk_es_MX=%C3%85M%C3%85%C5%BD%C3%95%C3%91&dchild=1&keywords=data+science&qid=1619021554&sr=8-105,Data Science Foundations Tools and Techniques: Core Skills for Quantitative Analysis with R and Git,4.7,30,945.42,630.48,0,0,945.42,0
https://www.amazon.com.mx/Data-Mining-Business-Analytics-Applications/dp/1119549841/ref=sr_1_169?__mk_es_MX=%C3%85M%C3%85%C5%BD%C3%95%C3%91&dchild=1&keywords=data+science&qid=1619021569&sr=8-169,"Data Mining for Business Analytics: Concepts, Techniques and Applications in Python",4.6,24,939,966,0,0,939,0
https://www.amazon.com.mx/Certified-Data-Analytics-Study-Guide/dp/1119649471/ref=sr_1_189?__mk_es_MX=%C3%85M%C3%85%C5%BD%C3%95%C3%91&dchild=1&keywords=data+science&qid=1619021569&sr=8-189,Aws Certified Data Analytics Study Guide: Specialty (Das-C01) Exam,4.1,16,929.8,996.8,0,0,929.8,0
https://www.amazon.com.mx/Data-Smart-Science-Transform-Information/dp/111866146X/ref=sr_1_22?__mk_es_MX=%C3%85M%C3%85%C5%BD%C3%95%C3%91&dchild=1&keywords=data+science&qid=1619021523&sr=8-22,Data Smart: Using Data Science to Transform Information Into Insight,4.4,281,929.2,655,0,0,929.2,0
https://www.amazon.com.mx/Storytelling-Data-Visualization-Business-Professionals/dp/1119002257/ref=sr_1_9?__mk_es_MX=%C3%85M%C3%85%C5%BD%C3%95%C3%91&dchild=1&keywords=data+science&qid=1619021523&sr=8-9,Storytelling with Data: A Data Visualization Guide for Business Professionals / Una guía de visualización de datos para profesionales de negocios,4.6,1,922.58,485,0,0,922.58,0
https://www.amazon.com.mx/Practical-Data-Science-SAP-Techniques/dp/1492046442/ref=sr_1_48?__mk_es_MX=%C3%85M%C3%85%C5%BD%C3%95%C3%91&dchild=1&keywords=data+science&qid=1619021523&sr=8-48,Practical Data Science with SAP: Machine Learning Techniques for Enterprise Data,4,2,915,883.42,0,0,915,0
https://www.amazon.com.mx/Hands-Unsupervised-Learning-Using-Python/dp/1492035645/ref=sr_1_180?__mk_es_MX=%C3%85M%C3%85%C5%BD%C3%95%C3%91&dchild=1&keywords=data+science&qid=1619021569&sr=8-180,Hands-On Unsupervised Learning Using Python: How to Build Applied Machine Learning Solutions from Unlabeled Data,4.1,60,914,858.73,0,0,914,0
https://www.amazon.com.mx/Learning-JavaScript-Data-Structures-Algorithms/dp/1783554878/ref=sr_1_213?__mk_es_MX=%C3%85M%C3%85%C5%BD%C3%95%C3%91&dchild=1&keywords=data+science&qid=1619021584&sr=8-213,Learning JavaScript Data Structures and Algorithms,4.2,23,912.45,528.23,0,0,912.45,0
https://www.amazon.com.mx/Data-Science-Scale-Python-Dask/dp/1617295604/ref=sr_1_219?__mk_es_MX=%C3%85M%C3%85%C5%BD%C3%95%C3%91&dchild=1&keywords=data+science&qid=1619021584&sr=8-219,Data Science with Python and Dask,4.4,8,912.45,0,0,0,912.45,0
https://www.amazon.com.mx/Python-Data-Science-Essentials-Massaron/dp/178953786X/ref=sr_1_38?__mk_es_MX=%C3%85M%C3%85%C5%BD%C3%95%C3%91&dchild=1&keywords=data+science&qid=1619021523&sr=8-38,Python Data Science Essentials,5,4,905.18,645,0,0,905.18,0
https://www.amazon.com.mx/Hands-Data-Science-Marketing-Hwang/dp/1789346347/ref=sr_1_20?__mk_es_MX=%C3%85M%C3%85%C5%BD%C3%95%C3%91&dchild=1&keywords=data+science&qid=1619021523&sr=8-20,Hands-On Data Science for Marketing: Improve your marketing strategies with machine learning using Python and R,4.4,31,905.18,637,0,0,905.18,0
https://www.amazon.com.mx/Interactive-Data-Visualization-Python-compelling/dp/1800200943/ref=sr_1_118?__mk_es_MX=%C3%85M%C3%85%C5%BD%C3%95%C3%91&dchild=1&keywords=data+science&qid=1619021554&sr=8-118,Interactive Data Visualization with Python - Second Edition: Present your data as an effective and compelling story,4.5,8,905.18,492.4,0,0,905.18,0
https://www.amazon.com.mx/SQL-Cookbook-Query-Solutions-Techniques/dp/1492077445/ref=sr_1_239?__mk_es_MX=%C3%85M%C3%85%C5%BD%C3%95%C3%91&dchild=1&keywords=data+science&qid=1619021584&sr=8-239,SQL Cookbook: Query Solutions and Techniques for All SQL Users,4.7,18,902,746.3,0,0,902,0
https://www.amazon.com.mx/Deep-Learning-Illustrated-Interactive-Intelligence/dp/0135116694/ref=sr_1_249?__mk_es_MX=%C3%85M%C3%85%C5%BD%C3%95%C3%91&dchild=1&keywords=data+science&qid=1619021599&sr=8-249,"Deep Learning Illustrated: A Visual, Interactive Guide to Artificial Intelligence",4.5,120,899.8,636,0,0,899.8,0
https://www.amazon.com.mx/Malware-Data-Science-Detection-Attribution/dp/1593278594/ref=sr_1_56?__mk_es_MX=%C3%85M%C3%85%C5%BD%C3%95%C3%91&dchild=1&keywords=data+science&qid=1619021539&sr=8-56,Malware Data Science: Attack Detection and Attribution,4.5,59,896.97,633.37,0,0,896.97,0
https://www.amazon.com.mx/Data-Science-Mindset-Methodologies-Misconceptions/dp/1634622561/ref=sr_1_171?__mk_es_MX=%C3%85M%C3%85%C5%BD%C3%95%C3%91&dchild=1&keywords=data+science&qid=1619021569&sr=8-171,"Data Science: Mindset, Methodologies, and Misconceptions",0,0,885.66,806.73,0,0,885.66,0
https://www.amazon.com.mx/Purely-Functional-Structures-Chris-Okasaki/dp/0521663504/ref=sr_1_204?__mk_es_MX=%C3%85M%C3%85%C5%BD%C3%95%C3%91&dchild=1&keywords=data+science&qid=1619021584&sr=8-204,Purely Functional Data Structures,4.4,46,872.8,629.74,0,0,872.8,0
https://www.amazon.com.mx/Fundamentals-Data-Visualization-Informative-Compelling/dp/1492031089/ref=sr_1_278?__mk_es_MX=%C3%85M%C3%85%C5%BD%C3%95%C3%91&dchild=1&keywords=data+science&qid=1619021599&sr=8-278,Fundamentals of Data Visualization: A Primer on Making Informative and Compelling Figures,4.5,105,872.6,610.8,0,0,872.6,0
https://www.amazon.com.mx/Data-Science-Machine-Learning-Mathematical/dp/1138492531/ref=sr_1_75?__mk_es_MX=%C3%85M%C3%85%C5%BD%C3%95%C3%91&dchild=1&keywords=data+science&qid=1619021539&sr=8-75,Data Science and Machine Learning: Mathematical and Statistical Methods,4.7,18,861.2,680,0,0,861.2,0
https://www.amazon.com.mx/Analytical-Skills-Data-Science-Enterprise/dp/1492060941/ref=sr_1_10?__mk_es_MX=%C3%85M%C3%85%C5%BD%C3%95%C3%91&dchild=1&keywords=data+science&qid=1619021523&sr=8-10,Analytical Skills for AI and Data Science: Building Skills for an Ai-Driven Enterprise,4.6,11,854.2,577,0,0,854.2,0
https://www.amazon.com.mx/Beginning-Mathematica-Wolfram-Data-Science/dp/1484265939/ref=sr_1_49?__mk_es_MX=%C3%85M%C3%85%C5%BD%C3%95%C3%91&dchild=1&keywords=data+science&qid=1619021523&sr=8-49,"Beginning Mathematica and Wolfram for Data Science: Applications in Data Analysis, Machine Learning, and Neural Networks",5,1,844.13,714.03,0,0,844.13,0
https://www.amazon.com.mx/Hands-Machine-Learning-Scikit-Learn-Tensorflow/dp/1492032646/ref=sr_1_300?__mk_es_MX=%C3%85M%C3%85%C5%BD%C3%95%C3%91&dchild=1&keywords=data+science&qid=1619021615&sr=8-300,"Hands-On Machine Learning with Scikit-Learn, Keras, and Tensorflow: Concepts, Tools, and Techniques to Build Intelligent Systems",4.8,1,841.25,577,0,0,841.25,0
https://www.amazon.com.mx/Pandas-Everyone-Python-Data-Analysis/dp/0134546938/ref=sr_1_228?__mk_es_MX=%C3%85M%C3%85%C5%BD%C3%95%C3%91&dchild=1&keywords=data+science&qid=1619021584&sr=8-228,Pandas for Everyone: Python Data Analysis,4.4,163,837.6,509,0,0,837.6,0
https://www.amazon.com.mx/Practitioners-Guide-Graph-Data/dp/1492044075/ref=sr_1_291?__mk_es_MX=%C3%85M%C3%85%C5%BD%C3%95%C3%91&dchild=1&keywords=data+science&qid=1619021615&sr=8-291,The Practitioner's Guide to Graph Data: Applying Graph Thinking and Graph Technologies to Solve Complex Problems,4.5,41,835,730.6,0,0,835,0
https://www.amazon.com.mx/Panel-Data-Econometrics-Yves-Croissant/dp/1118949161/ref=sr_1_273?__mk_es_MX=%C3%85M%C3%85%C5%BD%C3%95%C3%91&dchild=1&keywords=data+science&qid=1619021599&sr=8-273,Panel Data Econometrics with R,3.8,6,831.18,529,0,0,831.18,0
https://www.amazon.com.mx/Enterprise-Big-Data-Lake-Delivering/dp/1491931558/ref=sr_1_23?__mk_es_MX=%C3%85M%C3%85%C5%BD%C3%95%C3%91&dchild=1&keywords=data+science&qid=1619021523&sr=8-23,The Enterprise Big Data Lake: Delivering the Promise of Big Data and Data Science,4.2,49,829.8,883.97,0,0,829.8,0
https://www.amazon.com.mx/Google-Bigquery-Definitive-Warehousing-Analytics/dp/1492044466/ref=sr_1_236?__mk_es_MX=%C3%85M%C3%85%C5%BD%C3%95%C3%91&dchild=1&keywords=data+science&qid=1619021584&sr=8-236,"Google Bigquery: The Definitive Guide: Data Warehousing, Analytics, and Machine Learning at Scale",4.6,53,829.8,748.7,0,0,829.8,0
https://www.amazon.com.mx/Practical-Statistics-Data-Scientists-Essential/dp/149207294X/ref=sr_1_13?__mk_es_MX=%C3%85M%C3%85%C5%BD%C3%95%C3%91&dchild=1&keywords=data+science&qid=1619021523&sr=8-13,Practical Statistics for Data Scientists: 50+ Essential Concepts Using R and Python,4.5,169,829.6,490,0,0,829.6,0
https://www.amazon.com.mx/Big-Data-MBA-Business-Strategies/dp/1119181119/ref=sr_1_14?__mk_es_MX=%C3%85M%C3%85%C5%BD%C3%95%C3%91&dchild=1&keywords=data+science&qid=1619021523&sr=8-14,Big Data MBA: Driving Business Strategies with Data Science,4.3,29,825.95,598,0,0,825.95,0
https://www.amazon.com.mx/DAX-Patterns-Second-Marco-Russo/dp/1735365203/ref=sr_1_305?__mk_es_MX=%C3%85M%C3%85%C5%BD%C3%95%C3%91&dchild=1&keywords=data+science&qid=1619021615&sr=8-305,DAX Patterns: Second Edition,4.8,150,822.41,596.91,0,0,822.41,0
https://www.amazon.com.mx/Practical-Data-Science-Hadoop-Spark/dp/0134024141/ref=sr_1_142?__mk_es_MX=%C3%85M%C3%85%C5%BD%C3%95%C3%91&dchild=1&keywords=data+science&qid=1619021554&sr=8-142,Practical Data Science with Hadoop and Spark: Designing and Building Effective Analytics at Scale,4.7,10,821.18,519.27,0,0,821.18,0
https://www.amazon.com.mx/Practical-Data-Science-Nina-Zumel/dp/1617295876/ref=sr_1_91?__mk_es_MX=%C3%85M%C3%85%C5%BD%C3%95%C3%91&dchild=1&keywords=data+science&qid=1619021539&sr=8-91,Practical Data Science with R,4.7,18,815.6,0,0,0,815.6,0
https://www.amazon.com.mx/Programming-Hive-Warehouse-Language-Hadoop/dp/1449319335/ref=sr_1_287?__mk_es_MX=%C3%85M%C3%85%C5%BD%C3%95%C3%91&dchild=1&keywords=data+science&qid=1619021599&sr=8-287,Programming Hive: Data Warehouse and Query Language for Hadoop,4.4,58,811.04,619.38,0,0,811.04,0
https://www.amazon.com.mx/Foundations-Architecting-Data-Solutions-Successful/dp/1492038741/ref=sr_1_224?__mk_es_MX=%C3%85M%C3%85%C5%BD%C3%95%C3%91&dchild=1&keywords=data+science&qid=1619021584&sr=8-224,Foundations for Architecting Data Solutions: Managing Successful Data Projects,4.3,29,807.4,409,0,0,807.4,0
https://www.amazon.com.mx/Marketing-Analytics-Practical-Improving-Techniques/dp/0749482168/ref=sr_1_253?__mk_es_MX=%C3%85M%C3%85%C5%BD%C3%95%C3%91&dchild=1&keywords=data+science&qid=1619021599&sr=8-253,Marketing Analytics: A Practical Guide to Improving Consumer Insights Using Data Techniques,4.2,30,799,919.2,0,0,799,0
https://www.amazon.com.mx/Understanding-Robust-Exploratory-Data-Analysis/dp/0471384917/ref=sr_1_252?__mk_es_MX=%C3%85M%C3%85%C5%BD%C3%95%C3%91&dchild=1&keywords=data+science&qid=1619021599&sr=8-252,Understanding Robust and Exploratory Data Analysis: 76,5,2,791.99,0,0,0,791.99,0
https://www.amazon.com.mx/Data-Science-Scratch-Principles-Python/dp/1492041130/ref=sr_1_1?__mk_es_MX=%C3%85M%C3%85%C5%BD%C3%95%C3%91&dchild=1&keywords=data+science&qid=1619021523&sr=8-1,Data Science from Scratch: First Principles with Python,4.5,395,784.87,490,0,0,784.87,0
https://www.amazon.com.mx/Designing-Data-Intensive-Applications-Reliable-Maintainable/dp/1449373321/ref=sr_1_159?__mk_es_MX=%C3%85M%C3%85%C5%BD%C3%95%C3%91&dchild=1&keywords=data+science&qid=1619021569&sr=8-159,"Designing Data-Intensive Applications: The Big Ideas Behind Reliable, Scalable, and Maintainable Systems",4.7,1,784.2,327,0,0,784.2,0
https://www.amazon.com.mx/Open-Data-Sustainable-Community-Development/dp/9813343117/ref=sr_1_233?__mk_es_MX=%C3%85M%C3%85%C5%BD%C3%95%C3%91&dchild=1&keywords=data+science&qid=1619021584&sr=8-233,Open Data for Sustainable Community: Glocalized Sustainable Development Goals,0,0,780.6,639.77,0,0,780.6,0
https://www.amazon.com.mx/Bioinformatics-Data-Skills-Reproducible-Research/dp/1449367372/ref=sr_1_201?__mk_es_MX=%C3%85M%C3%85%C5%BD%C3%95%C3%91&dchild=1&keywords=data+science&qid=1619021584&sr=8-201,Bioinformatics Data Skills: Reproducible and Robust Research with Open Source Tools,4.5,67,776,745.41,0,0,776,0
https://www.amazon.com.mx/Data-Structures-Algorithms-JavaScript-Approaches/dp/1449364934/ref=sr_1_147?__mk_es_MX=%C3%85M%C3%85%C5%BD%C3%95%C3%91&dchild=1&keywords=data+science&qid=1619021569&sr=8-147,Data Structures and Algorithms with JavaScript: Bringing Classic Computing Approaches to the Web,3.4,20,770.79,307,0,0,770.79,0
https://www.amazon.com.mx/Machine-Learning-Design-Patterns-Preparation/dp/1098115783/ref=sr_1_177?__mk_es_MX=%C3%85M%C3%85%C5%BD%C3%95%C3%91&dchild=1&keywords=data+science&qid=1619021569&sr=8-177,"Machine Learning Design Patterns: Solutions to Common Challenges in Data Preparation, Model Building, and Mlops",4.6,78,763.65,725.36,0,0,763.65,0
https://www.amazon.com.mx/Build-Career-Science-Jacqueline-Nolis/dp/1617296244/ref=sr_1_29?__mk_es_MX=%C3%85M%C3%85%C5%BD%C3%95%C3%91&dchild=1&keywords=data+science&qid=1619021523&sr=8-29,Build a Career in Data Science,4.8,34,759.8,0,0,0,759.8,0
https://www.amazon.com.mx/Algorithm-Design-Manual-Steven-Skiena/dp/3030542556/ref=sr_1_98?__mk_es_MX=%C3%85M%C3%85%C5%BD%C3%95%C3%91&dchild=1&keywords=data+science&qid=1619021554&sr=8-98,The Algorithm Design Manual,4.4,49,753.8,0,0,0,753.8,0
https://www.amazon.com.mx/Categorical-Data-Analysis-Alan-Agresti/dp/0470463635/ref=sr_1_168?__mk_es_MX=%C3%85M%C3%85%C5%BD%C3%95%C3%91&dchild=1&keywords=data+science&qid=1619021569&sr=8-168,Categorical Data Analysis: 792,4.7,49,747.12,592.8,0,0,747.12,0
https://www.amazon.com.mx/Introduction-Statistics-Analysis-Using-Stata/dp/1506371833/ref=sr_1_209?__mk_es_MX=%C3%85M%C3%85%C5%BD%C3%95%C3%91&dchild=1&keywords=data+science&qid=1619021584&sr=8-209,An Introduction to Statistics and Data Analysis Using Stata(r): From Research Design to Final Report,4.6,19,723.9,288.01,0,0,723.9,0
https://www.amazon.com.mx/Numerical-Python-Scientific-Applications-Matplotlib/dp/1484242459/ref=sr_1_50?__mk_es_MX=%C3%85M%C3%85%C5%BD%C3%95%C3%91&dchild=1&keywords=data+science&qid=1619021523&sr=8-50,"Numerical Python: Scientific Computing and Data Science Applications with Numpy, Scipy and Matplotlib",4.5,61,712.6,0,0,0,712.6,0
https://www.amazon.com.mx/Practical-Data-Science-Python-Synthesizing/dp/1484248589/ref=sr_1_131?__mk_es_MX=%C3%85M%C3%85%C5%BD%C3%95%C3%91&dchild=1&keywords=data+science&qid=1619021554&sr=8-131,Practical Data Science with Python 3: Synthesizing Actionable Insights from Data,4.4,3,709.64,684.66,0,0,709.64,0
https://www.amazon.com.mx/Database-Internals-Deep-Distributed-Systems/dp/1492040347/ref=sr_1_198?__mk_es_MX=%C3%85M%C3%85%C5%BD%C3%95%C3%91&dchild=1&keywords=data+science&qid=1619021584&sr=8-198,Database Internals: A Deep Dive Into How Distributed Data Systems Work,4.7,197,701.8,490,0,0,701.8,0
https://www.amazon.com.mx/Science-Projects-Python-Stephen-Klosterman/dp/1838551026/ref=sr_1_65?__mk_es_MX=%C3%85M%C3%85%C5%BD%C3%95%C3%91&dchild=1&keywords=data+science&qid=1619021539&sr=8-65,Data Science Projects with Python,4.4,66,699.8,689.58,0,0,699.8,0
https://www.amazon.com.mx/Practical-Dataops-Delivering-Agile-Science/dp/1484251032/ref=sr_1_54?__mk_es_MX=%C3%85M%C3%85%C5%BD%C3%95%C3%91&dchild=1&keywords=data+science&qid=1619021539&sr=8-54,Practical Dataops: Delivering Agile Data Science at Scale,4.2,25,688.69,653.57,0,0,688.69,0
https://www.amazon.com.mx/Practical-Synthetic-Data-Generation-Availability/dp/1492072745/ref=sr_1_256?__mk_es_MX=%C3%85M%C3%85%C5%BD%C3%95%C3%91&dchild=1&keywords=data+science&qid=1619021599&sr=8-256,Practical Synthetic Data Generation: Balancing Privacy and the Broad Availability of Data,4.1,12,688,771.48,0,0,688,0
https://www.amazon.com.mx/Python-data-science-step-step/dp/1801121680/ref=sr_1_3?__mk_es_MX=%C3%85M%C3%85%C5%BD%C3%95%C3%91&dchild=1&keywords=data+science&qid=1619021523&sr=8-3,Python for data science: The ultimate step-by-step guide to learning python for data science,0,0,679,0,0,0,679,0
https://www.amazon.com.mx/Color-Science-Concepts-Quantitative-Formulae/dp/0471399183/ref=sr_1_186?__mk_es_MX=%C3%85M%C3%85%C5%BD%C3%95%C3%91&dchild=1&keywords=data+science&qid=1619021569&sr=8-186,"Color Science: Concepts and Methods, Quantitative Data and Formulae: 40",3.9,7,673.26,0,0,0,673.26,0
https://www.amazon.com.mx/9-Pitfalls-Data-Science/dp/0198844395/ref=sr_1_206?__mk_es_MX=%C3%85M%C3%85%C5%BD%C3%95%C3%91&dchild=1&keywords=data+science&qid=1619021584&sr=8-206,The 9 Pitfalls of Data Science,4.1,12,669.8,351.57,0,0,669.8,0
https://www.amazon.com.mx/JavaScript-Data-Science-Maya-Gans/dp/0367426528/ref=sr_1_181?__mk_es_MX=%C3%85M%C3%85%C5%BD%C3%95%C3%91&dchild=1&keywords=data+science&qid=1619021569&sr=8-181,JavaScript for Data Science,2,1,668.4,959.2,0,0,668.4,0
https://www.amazon.com.mx/Mining-Social-Web-Facebook-Instagram/dp/1491985046/ref=sr_1_178?__mk_es_MX=%C3%85M%C3%85%C5%BD%C3%95%C3%91&dchild=1&keywords=data+science&qid=1619021569&sr=8-178,"Mining the Social Web: Data Mining Facebook, Twitter, Linkedin, Instagram, Github, and More",4.1,30,659.8,614.02,0,0,659.8,0
https://www.amazon.com.mx/Learning-SQL-Generate-Manipulate-Retrieve/dp/1492057614/ref=sr_1_144?__mk_es_MX=%C3%85M%C3%85%C5%BD%C3%95%C3%91&dchild=1&keywords=data+science&qid=1619021554&sr=8-144,"Learning SQL: Generate, Manipulate, and Retrieve Data",4.6,101,657.6,737.79,0,0,657.6,0
https://www.amazon.com.mx/Data-Visualization-Introduction-Kieran-Healy/dp/0691181624/ref=sr_1_154?__mk_es_MX=%C3%85M%C3%85%C5%BD%C3%95%C3%91&dchild=1&keywords=data+science&qid=1619021569&sr=8-154,Data Visualization: A Practical Introduction,4.7,135,654.6,637.42,0,0,654.6,0
https://www.amazon.com.mx/Python-Programming-Hands-Beginners-Learning/dp/1801096996/ref=sr_1_104?__mk_es_MX=%C3%85M%C3%85%C5%BD%C3%95%C3%91&dchild=1&keywords=data+science&qid=1619021554&sr=8-104,Python: This Book Includes: Learn How To Develop Programs And Apps In 7 Days With Python Programming And Start Deep Hands-on Learning For Beginners of Data Science And Machine Learning.,4.3,47,649,851.81,0,0,649,0
https://www.amazon.com.mx/Storytelling-Data-Cole-Nussbaumer-Knaflic/dp/1119621496/ref=sr_1_106?__mk_es_MX=%C3%85M%C3%85%C5%BD%C3%95%C3%91&dchild=1&keywords=data+science&qid=1619021554&sr=8-106,Storytelling with Data: Let's Practice!,4.7,336,647.48,582,0,0,647.48,0
https://www.amazon.com.mx/Data-Structures-Algorithm-Analysis-C/dp/048648582X/ref=sr_1_121?__mk_es_MX=%C3%85M%C3%85%C5%BD%C3%95%C3%91&dchild=1&keywords=data+science&qid=1619021554&sr=8-121,Data Structures & Algorithm Analysis in C++,4.3,29,640.61,319.67,0,0,640.61,0
https://www.amazon.com.mx/Python-Data-Analytics-Pandas-Matplotlib/dp/1484239121/ref=sr_1_164?__mk_es_MX=%C3%85M%C3%85%C5%BD%C3%95%C3%91&dchild=1&keywords=data+science&qid=1619021569&sr=8-164,"Python Data Analytics: With Pandas, Numpy, and Matplotlib",4,16,637.64,945.5,0,0,637.64,0
https://www.amazon.com.mx/Hands-Scikit-Learn-Machine-Learning-Applications/dp/1484253728/ref=sr_1_43?__mk_es_MX=%C3%85M%C3%85%C5%BD%C3%95%C3%91&dchild=1&keywords=data+science&qid=1619021523&sr=8-43,Hands-On Scikit-Learn for Machine Learning Applications: Data Science Fundamentals with Python,5,1,626.69,714.03,0,0,626.69,0
https://www.amazon.com.mx/Data-Science-Cybersecurity-Cyberthreat-Intelligence/dp/3030387879/ref=sr_1_71?__mk_es_MX=%C3%85M%C3%85%C5%BD%C3%95%C3%91&dchild=1&keywords=data+science&qid=1619021539&sr=8-71,Data Science in Cybersecurity and Cyberthreat Intelligence: 177,0,0,621.31,30.54,0,0,621.31,0
https://www.amazon.com.mx/Julia-Data-Science-Zacharias-Voulgaris/dp/1634621301/ref=sr_1_124?__mk_es_MX=%C3%85M%C3%85%C5%BD%C3%95%C3%91&dchild=1&keywords=data+science&qid=1619021554&sr=8-124,Julia for Data Science,4,10,621.01,621.01,0,0,621.01,0
https://www.amazon.com.mx/Data-Action-Using-Public-Good/dp/0262044196/ref=sr_1_192?__mk_es_MX=%C3%85M%C3%85%C5%BD%C3%95%C3%91&dchild=1&keywords=data+science&qid=1619021569&sr=8-192,Data Action: Using Data for Public Good,4.7,15,619.8,499,0,0,619.8,0
https://www.amazon.com.mx/Data-Strategy-Profit-Analytics-Internet/dp/074947985X/ref=sr_1_225?__mk_es_MX=%C3%85M%C3%85%C5%BD%C3%95%C3%91&dchild=1&keywords=data+science&qid=1619021584&sr=8-225,"Data Strategy: How to Profit from a World of Big Data, Analytics and the Internet of Things",4.2,132,619.76,555.6,0,0,619.76,0
https://www.amazon.com.mx/Data-Science-Wind-Energy-Ding/dp/1138590525/ref=sr_1_83?__mk_es_MX=%C3%85M%C3%85%C5%BD%C3%95%C3%91&dchild=1&keywords=data+science&qid=1619021539&sr=8-83,Data Science for Wind Energy,4.1,6,614.53,879.2,0,0,614.53,0
https://www.amazon.com.mx/Feminism-Assistant-Professor-Visualization-Catherine/dp/0262044005/ref=sr_1_123?__mk_es_MX=%C3%85M%C3%85%C5%BD%C3%95%C3%91&dchild=1&keywords=data+science&qid=1619021554&sr=8-123,Data Feminism,4.9,106,605.18,477,0,0,605.18,0
https://www.amazon.com.mx/Predictive-Analytics-Predicting-Techniques-Statistics/dp/1952191009/ref=sr_1_271?__mk_es_MX=%C3%85M%C3%85%C5%BD%C3%95%C3%91&dchild=1&keywords=data+science&qid=1619021599&sr=8-271,"Predictive Analytics: The Secret to Predicting Future Events Using Big Data and Data Science Techniques Such as Data Mining, Predictive Modelling, Statistics, Data Analysis, and Machine Learning",4.6,6,603.38,0,0,0,603.38,0
https://www.amazon.com.mx/Model-Based-Clustering-Classification-Data-Science/dp/110849420X/ref=sr_1_245?__mk_es_MX=%C3%85M%C3%85%C5%BD%C3%95%C3%91&dchild=1&keywords=data+science&qid=1619021599&sr=8-245,Model-Based Clustering and Classification for Data Science: With Applications in R,5,3,599.8,444.51,0,0,599.8,0
https://www.amazon.com.mx/Analytics-Big-Data-World-Applications/dp/1118892704/ref=sr_1_202?__mk_es_MX=%C3%85M%C3%85%C5%BD%C3%95%C3%91&dchild=1&keywords=data+science&qid=1619021584&sr=8-202,Analytics in a Big Data World: The Essential Guide to Data Science and Its Applications,4.1,49,595.2,830.4,0,0,595.2,0
https://www.amazon.com.mx/Successful-Business-Intelligence-Second-Unlock/dp/007180918X/ref=sr_1_306?__mk_es_MX=%C3%85M%C3%85%C5%BD%C3%95%C3%91&dchild=1&keywords=data+science&qid=1619021615&sr=8-306,"Successful Business Intelligence, Second Edition: Unlock the Value of Bi & Big Data",4.4,32,593.63,668,0,0,593.63,0
https://www.amazon.com.mx/Data-Science-Dummies-Lillian-Pierson/dp/1119327636/ref=sr_1_31?__mk_es_MX=%C3%85M%C3%85%C5%BD%C3%95%C3%91&dchild=1&keywords=data+science&qid=1619021523&sr=8-31,Data Science for Dummies,4.4,131,590.69,379,0,0,590.69,0
https://www.amazon.com.mx/Understanding-Compression-Data-Modern-Developers/dp/1491961538/ref=sr_1_267?__mk_es_MX=%C3%85M%C3%85%C5%BD%C3%95%C3%91&dchild=1&keywords=data+science&qid=1619021599&sr=8-267,Understanding Compression: Data Compression for Modern Developers,4.6,15,583.69,329.95,0,0,583.69,0
https://www.amazon.com.mx/Practical-Data-Science-Information-Professionals/dp/1783303441/ref=sr_1_272?__mk_es_MX=%C3%85M%C3%85%C5%BD%C3%95%C3%91&dchild=1&keywords=data+science&qid=1619021599&sr=8-272,Practical Data Science for Information Professionals,0,0,581.72,0,0,0,581.72,0
https://www.amazon.com.mx/Numsense-Data-Science-Layman-Added/dp/9811110689/ref=sr_1_116?__mk_es_MX=%C3%85M%C3%85%C5%BD%C3%95%C3%91&dchild=1&keywords=data+science&qid=1619021554&sr=8-116,Numsense! Data Science for the Layman: No Math Added,4.6,202,579.8,0,0,0,579.8,0
https://www.amazon.com.mx/Computer-Science-Distilled-Computational-Problems/dp/0997316020/ref=sr_1_86?__mk_es_MX=%C3%85M%C3%85%C5%BD%C3%95%C3%91&dchild=1&keywords=data+science&qid=1619021539&sr=8-86,Computer Science Distilled: Learn the Art of Solving Computational Problems,4.4,490,577.58,289,0,0,577.58,0
https://www.amazon.com.mx/Data-Science-Business-Warehousing-Visualization/dp/1647483263/ref=sr_1_215?__mk_es_MX=%C3%85M%C3%85%C5%BD%C3%95%C3%91&dchild=1&keywords=data+science&qid=1619021584&sr=8-215,"Data Science for Business: Predictive Modeling, Data Mining, Data Analytics, Data Warehousing, Data Visualization, Regression Analysis, Database Querying, and Machine Learning for Beginners",3.8,10,570.79,56.33,0,0,570.79,0
https://www.amazon.com.mx/Hands-Google-Data-Studio-Citizens/dp/1119616085/ref=sr_1_214?__mk_es_MX=%C3%85M%C3%85%C5%BD%C3%95%C3%91&dchild=1&keywords=data+science&qid=1619021584&sr=8-214,Hands on with Google Data Studio: A Data Citizen's Survival Guide,4.3,14,567.37,664.8,0,0,567.37,0
https://www.amazon.com.mx/Business-Data-Science-Combining-Accelerate/dp/1260452778/ref=sr_1_5?__mk_es_MX=%C3%85M%C3%85%C5%BD%C3%95%C3%91&dchild=1&keywords=data+science&qid=1619021523&sr=8-5,"Business Data Science: Combining Machine Learning and Economics to Optimize, Automate, and Accelerate Business Decisions",4.4,81,562.8,621,0,0,562.8,0
https://www.amazon.com.mx/Data-para-CEOs-Directores-Marketing/dp/1549960393/ref=sr_1_85?__mk_es_MX=%C3%85M%C3%85%C5%BD%C3%95%C3%91&dchild=1&keywords=data+science&qid=1619021539&sr=8-85,Big Data para CEOs y Directores de Marketing: Como dominar Big Data Analytics en 5 semanas para directivos (Spanish Edition),4.4,65,551.4,0,0,0,551.4,0
https://www.amazon.com.mx/Data-Science-Scratch-Everything-Applications/dp/3903331554/ref=sr_1_30?__mk_es_MX=%C3%85M%C3%85%C5%BD%C3%95%C3%91&dchild=1&keywords=data+science&qid=1619021523&sr=8-30,"Data Science From Scratch: The #1 Data Science Guide For Everything A Data Scientist Needs To Know: Python, Linear Algebra, Statistics, Coding, Applications, Neural Networks, And Decision Trees",3.5,26,539.8,55.58,0,0,539.8,0
https://www.amazon.com.mx/Python-Data-Science-Complete-Beginners/dp/191416704X/ref=sr_1_74?__mk_es_MX=%C3%85M%C3%85%C5%BD%C3%95%C3%91&dchild=1&keywords=data+science&qid=1619021539&sr=8-74,Python Data Science: The Most Complete Guide for Beginners to Master Data Science with Python Step By Step: 3,0,0,534.6,0,0,0,534.6,0
https://www.amazon.com.mx/Data-Science-Command-Line-Time-Tested/dp/1491947853/ref=sr_1_258?__mk_es_MX=%C3%85M%C3%85%C5%BD%C3%95%C3%91&dchild=1&keywords=data+science&qid=1619021599&sr=8-258,Data Science at the Command Line: Facing the Future with Time-Tested Tools,4.2,23,524.47,610.17,0,0,524.47,0
https://www.amazon.com.mx/Python-Programming-Analysis-Statistics-Learning/dp/180125527X/ref=sr_1_128?__mk_es_MX=%C3%85M%C3%85%C5%BD%C3%95%C3%91&dchild=1&keywords=data+science&qid=1619021554&sr=8-128,"Python Programming: This Book Includes: Python for Data Analysis and Science with Big Data Analysis, Statistics and Machine Learning",3.3,3,522.91,0,0,0,522.91,0
https://www.amazon.com.mx/Feature-Engineering-Selection-Practical-Predictive/dp/1138079227/ref=sr_1_101?__mk_es_MX=%C3%85M%C3%85%C5%BD%C3%95%C3%91&dchild=1&keywords=data+science&qid=1619021554&sr=8-101,Feature Engineering and Selection: A Practical Approach for Predictive Models,4.4,30,519,279.2,0,0,519,0
https://www.amazon.com.mx/Data-Science-Programming-All-Dummies/dp/1119626110/ref=sr_1_89?__mk_es_MX=%C3%85M%C3%85%C5%BD%C3%95%C3%91&dchild=1&keywords=data+science&qid=1619021539&sr=8-89,Data Science Programming All-In-One for Dummies,5,18,517.2,664.8,0,0,517.2,0
https://www.amazon.com.mx/Machine-Learning-Pocket-Reference-Structured/dp/1492047546/ref=sr_1_286?__mk_es_MX=%C3%85M%C3%85%C5%BD%C3%95%C3%91&dchild=1&keywords=data+science&qid=1619021599&sr=8-286,Machine Learning Pocket Reference: Working with Structured Data in Python,4.5,103,515.18,245.05,0,0,515.18,0
https://www.amazon.com.mx/Intro-Python-Computer-Science-Data/dp/0135404673/ref=sr_1_7?__mk_es_MX=%C3%85M%C3%85%C5%BD%C3%95%C3%91&dchild=1&keywords=data+science&qid=1619021523&sr=8-7,"Intro to Python for Computer Science and Data Science: Learning to Program with Ai, Big Data and the Cloud",4.7,156,508.57,0,0,0,508.57,0
https://www.amazon.com.mx/Graphing-Data-Introduction-John-Hilfiger/dp/1491922613/ref=sr_1_81?__mk_es_MX=%C3%85M%C3%85%C5%BD%C3%95%C3%91&dchild=1&keywords=data+science&qid=1619021539&sr=8-81,Graphing Data with R: An Introduction,4.1,6,502.57,594.18,0,0,502.57,0
https://www.amazon.com.mx/Ciencia-datos-almacenamiento-visualizaci%C3%B3n-principiantes/dp/1647481449/ref=sr_1_72?__mk_es_MX=%C3%85M%C3%85%C5%BD%C3%95%C3%91&dchild=1&keywords=data+science&qid=1619021539&sr=8-72,"Ciencia de los datos: La guía definitiva sobre análisis de datos, minería de datos, almacenamiento de datos, visualización de datos, Big Data para ... para principiantes (Spanish Edition)",4.2,38,501.96,97.27,0,0,501.96,0
https://www.amazon.com.mx/Fundamentals-Machine-Learning-Predictive-Analytics/dp/0262044692/ref=sr_1_70?__mk_es_MX=%C3%85M%C3%85%C5%BD%C3%95%C3%91&dchild=1&keywords=data+science&qid=1619021539&sr=8-70,"Fundamentals of Machine Learning for Predictive Data Analytics, Second Edition: Algorithms, Worked Examples, and Case Studies",4.7,20,501.4,278.03,0,0,501.4,0
https://www.amazon.com.mx/Statistics-Solving-Problems-Using-Real-World/dp/1506388159/ref=sr_1_280?__mk_es_MX=%C3%85M%C3%85%C5%BD%C3%95%C3%91&dchild=1&keywords=data+science&qid=1619021599&sr=8-280,Statistics with R: Solving Problems Using Real-World Data,4.9,10,500,19,0,0,500,0
https://www.amazon.com.mx/Data-Science-Finance-Irene-Aldridge/dp/111960298X/ref=sr_1_34?__mk_es_MX=%C3%85M%C3%85%C5%BD%C3%95%C3%91&dchild=1&keywords=data+science&qid=1619021523&sr=8-34,Big Data Science in Finance,1,1,499.8,820,0,0,499.8,0
https://www.amazon.com.mx/Data-Science-Handbook-Insights-Scientists/dp/0692434879/ref=sr_1_61?__mk_es_MX=%C3%85M%C3%85%C5%BD%C3%95%C3%91&dchild=1&keywords=data+science&qid=1619021539&sr=8-61,The Data Science Handbook: Advice and Insights from 25 Amazing Data Scientists,4.4,18,499.8,205.63,0,0,499.8,0
https://www.amazon.com.mx/Interactive-Web-Based-Visualization-Plotly-Shiny/dp/1138331457/ref=sr_1_264?__mk_es_MX=%C3%85M%C3%85%C5%BD%C3%95%C3%91&dchild=1&keywords=data+science&qid=1619021599&sr=8-264,"Interactive Web-Based Data Visualization with R, Plotly, and Shiny",4.9,11,499,279.2,0,0,499,0
https://www.amazon.com.mx/Python-Beginners-Step-Step-Hands/dp/1914167015/ref=sr_1_179?__mk_es_MX=%C3%85M%C3%85%C5%BD%C3%95%C3%91&dchild=1&keywords=data+science&qid=1619021569&sr=8-179,Python for Beginners: The Ultimate Crash Course to Learn Python in 7 Days with Step-by-Step Guidance and Hands-On Exercises: 1,0,0,490.6,0,0,0,490.6,0
https://www.amazon.com.mx/Python-Data-Science-Dummies-Mueller/dp/1119547628/ref=sr_1_88?__mk_es_MX=%C3%85M%C3%85%C5%BD%C3%95%C3%91&dchild=1&keywords=data+science&qid=1619021539&sr=8-88,Python for Data Science for Dummies,4.3,66,484.75,581.6,0,0,484.75,0
https://www.amazon.com.mx/We-Are-Data-Algorithms-Digital/dp/1479857599/ref=sr_1_152?__mk_es_MX=%C3%85M%C3%85%C5%BD%C3%95%C3%91&dchild=1&keywords=data+science&qid=1619021569&sr=8-152,We Are Data: Algorithms and the Making of Our Digital Selves,4.2,11,467.5,221.32,0,0,467.5,0
https://www.amazon.com.mx/Book-Why-Science-Cause-Effect/dp/046509760X/ref=sr_1_303?__mk_es_MX=%C3%85M%C3%85%C5%BD%C3%95%C3%91&dchild=1&keywords=data+science&qid=1619021615&sr=8-303,The Book of Why: The New Science of Cause and Effect,4.5,894,467.21,139,0,0,467.21,0
https://www.amazon.com.mx/Telling-Your-Data-Story-Storytelling/dp/1634628950/ref=sr_1_211?__mk_es_MX=%C3%85M%C3%85%C5%BD%C3%95%C3%91&dchild=1&keywords=data+science&qid=1619021584&sr=8-211,Telling Your Data Story: Data Storytelling for Data Management,4.2,30,462.95,603.62,0,0,462.95,0
https://www.amazon.com.mx/Leading-AI-Analytics-Science-Business/dp/1260459144/ref=sr_1_295?__mk_es_MX=%C3%85M%C3%85%C5%BD%C3%95%C3%91&dchild=1&keywords=data+science&qid=1619021615&sr=8-295,Leading with AI and Analytics: Build Your Data Science IQ to Drive Business Value,5,3,461.74,477,0,0,461.74,0
https://www.amazon.com.mx/Art-Statistics-How-Learn-Data/dp/1541618513/ref=sr_1_122?__mk_es_MX=%C3%85M%C3%85%C5%BD%C3%95%C3%91&dchild=1&keywords=data+science&qid=1619021554&sr=8-122,The Art of Statistics: How to Learn from Data,4.6,1,461.38,139,0,0,461.38,0
https://www.amazon.com.mx/Science-Strategy-Dummies-Ulrika-Jagare/dp/1119566258/ref=sr_1_84?__mk_es_MX=%C3%85M%C3%85%C5%BD%C3%95%C3%91&dchild=1&keywords=data+science&qid=1619021539&sr=8-84,Data Science Strategy for Dummies,4.4,23,454.4,342.65,0,0,454.4,0
https://www.amazon.com.mx/Digital-Archaeology-Art-Science-Forensics/dp/0321803906/ref=sr_1_274?__mk_es_MX=%C3%85M%C3%85%C5%BD%C3%95%C3%91&dchild=1&keywords=data+science&qid=1619021599&sr=8-274,Digital Archaeology: The Art and Science of Digital Forensics,4.6,22,449.9,748.19,0,0,449.9,0
https://www.amazon.com.mx/Structures-Assistant-Professor-Department-Computer/dp/0198099304/ref=sr_1_275?__mk_es_MX=%C3%85M%C3%85%C5%BD%C3%95%C3%91&dchild=1&keywords=data+science&qid=1619021599&sr=8-275,Data Structures Using C,4.5,280,412.8,0,0,0,412.8,0
https://www.amazon.com.mx/Art-Data-Science-Roger-Peng/dp/1365061469/ref=sr_1_114?__mk_es_MX=%C3%85M%C3%85%C5%BD%C3%95%C3%91&dchild=1&keywords=data+science&qid=1619021554&sr=8-114,The Art of Data Science,4.6,26,412.42,0,0,0,412.42,0
https://www.amazon.com.mx/Ciencia-Datos-completa-principiantes-aprender/dp/1913597237/ref=sr_1_149?__mk_es_MX=%C3%85M%C3%85%C5%BD%C3%95%C3%91&dchild=1&keywords=data+science&qid=1619021569&sr=8-149,Ciencia de Datos: Guía completa para principiantes para aprender los reinos de la ciencia de datos: 1,1,1,412,0,0,0,412,0
https://www.amazon.com.mx/Introduction-Algorithms-Thomas-H-Cormen/dp/0262033844/ref=sr_1_203?__mk_es_MX=%C3%85M%C3%85%C5%BD%C3%95%C3%91&dchild=1&keywords=data+science&qid=1619021584&sr=8-203,Introduction to Algorithms,4.5,1,402.71,249,0,0,402.71,0
https://www.amazon.com.mx/Model-Thinker-What-Need-Know/dp/0465094627/ref=sr_1_26?__mk_es_MX=%C3%85M%C3%85%C5%BD%C3%95%C3%91&dchild=1&keywords=data+science&qid=1619021523&sr=8-26,The Model Thinker: What You Need to Know to Make Data Work for You,4.5,269,401.4,301.45,0,0,401.4,0
https://www.amazon.com.mx/Machine-Learning-Correlated-Artificial-Intelligence/dp/1801324093/ref=sr_1_55?__mk_es_MX=%C3%85M%C3%85%C5%BD%C3%95%C3%91&dchild=1&keywords=data+science&qid=1619021539&sr=8-55,"Machine Learning: 3 books in 1: Python Data Science + Data Analysis + Machine Learning. The Complete Crash Course To Learn How It Works, How Is Correlated To Artificial Intelligence and Deep Learning",0,0,400.2,0,0,0,400.2,0
https://www.amazon.com.mx/Weapons-Math-Destruction-Increases-Inequality/dp/0553418831/ref=sr_1_140?__mk_es_MX=%C3%85M%C3%85%C5%BD%C3%95%C3%91&dchild=1&keywords=data+science&qid=1619021554&sr=8-140,Weapons of Math Destruction: How Big Data Increases Inequality and Threatens Democracy,4.5,1,393.56,139,0,0,393.56,0
https://www.amazon.com.mx/Math-Machine-Learning-Artificial-Intelligence/dp/172282381X/ref=sr_1_133?__mk_es_MX=%C3%85M%C3%85%C5%BD%C3%95%C3%91&dchild=1&keywords=data+science&qid=1619021554&sr=8-133,Math for Machine Learning: Open Doors to Data Science and Artificial Intelligence,3.7,28,387.82,0,0,0,387.82,0
https://www.amazon.com.mx/Computer-Age-Statistical-Inference-Algorithms/dp/1107149894/ref=sr_1_99?__mk_es_MX=%C3%85M%C3%85%C5%BD%C3%95%C3%91&dchild=1&keywords=data+science&qid=1619021554&sr=8-99,"Computer Age Statistical Inference: Algorithms, Evidence, and Data Science: 5",4.7,50,374.23,820.57,0,0,374.23,0
https://www.amazon.com.mx/Naked-Statistics-Stripping-Dread-Data/dp/039334777X/ref=sr_1_15?__mk_es_MX=%C3%85M%C3%85%C5%BD%C3%95%C3%91&dchild=1&keywords=data+science&qid=1619021523&sr=8-15,Naked Statistics: Stripping the Dread from the Data,4.6,1,373,288,0,0,373,0
https://www.amazon.com.mx/Eight-Dates-Essential-Conversations-Lifetime/dp/1523504463/ref=sr_1_217?__mk_es_MX=%C3%85M%C3%85%C5%BD%C3%95%C3%91&dchild=1&keywords=data+science&qid=1619021584&sr=8-217,Eight Dates: Essential Conversations for a Lifetime of Love,4.7,2,364.8,275,0,0,364.8,0
https://www.amazon.com.mx/Python-Data-Science-Step-Step/dp/1913922448/ref=sr_1_64?__mk_es_MX=%C3%85M%C3%85%C5%BD%C3%95%C3%91&dchild=1&keywords=data+science&qid=1619021539&sr=8-64,"Python for Data Science: The Ultimate Beginner's Guide to Learn Data Science, Analysis, and Machine Learning from Scratch with Step-by-Step Exercises: 2",0,0,359.8,0,0,0,359.8,0
https://www.amazon.com.mx/Beginners-Analysis-Computer-Programming-Statistics/dp/1801091951/ref=sr_1_172?__mk_es_MX=%C3%85M%C3%85%C5%BD%C3%95%C3%91&dchild=1&keywords=data+science&qid=1619021569&sr=8-172,"Data Science for Beginners, Data Analysis with Python, SQL Computer Programming for Beginners, Statistics for Beginners",0,0,349.6,0,0,0,349.6,0
https://www.amazon.com.mx/Machine-Learning-Algorithmic-Trading-intelligence/dp/9918608013/ref=sr_1_288?__mk_es_MX=%C3%85M%C3%85%C5%BD%C3%95%C3%91&dchild=1&keywords=data+science&qid=1619021599&sr=8-288,Machine Learning for Algorithmic Trading: Master as a PRO applied artificial intelligence and Python for predict systematic strategies for options and stocks. Learn data-driven finance using keras,2.4,4,345,0,0,0,345,0
https://www.amazon.com.mx/Everybody-Lies-Internet-about-Really/dp/0062390856/ref=sr_1_35?__mk_es_MX=%C3%85M%C3%85%C5%BD%C3%95%C3%91&dchild=1&keywords=data+science&qid=1619021523&sr=8-35,"Everybody Lies: Big Data, New Data, and What the Internet Can Tell Us about Who We Really Are",4.5,1,344.8,189,0,0,344.8,0
https://www.amazon.com.mx/Basketball-Data-Science-Applications-R/dp/1138600814/ref=sr_1_51?__mk_es_MX=%C3%85M%C3%85%C5%BD%C3%95%C3%91&dchild=1&keywords=data+science&qid=1619021539&sr=8-51,Basketball Data Science: With Applications in R,4.3,8,343.4,959.2,0,0,343.4,0
https://www.amazon.com.mx/Data-Science-Comprehensive-Beginners-Realms/dp/1913597067/ref=sr_1_92?__mk_es_MX=%C3%85M%C3%85%C5%BD%C3%95%C3%91&dchild=1&keywords=data+science&qid=1619021539&sr=8-92,Data Science: A Comprehensive Beginners Guide to Learn the Realms of Data Science: 1,1,2,342.8,0,0,0,342.8,0
https://www.amazon.com.mx/Anal%C3%ADtica-datos-recopilaci%C3%B3n-inteligencia-empresarial/dp/1950922499/ref=sr_1_156?__mk_es_MX=%C3%85M%C3%85%C5%BD%C3%95%C3%91&dchild=1&keywords=data+science&qid=1619021569&sr=8-156,"Analítica de datos: La guía definitiva de análisis de Big Data para empresas, técnicas de minería de datos, recopilación de datos y conceptos de inteligencia empresarial",4.3,37,342.31,95.45,0,0,342.31,0
https://www.amazon.com.mx/Data-Science-John-D-Kelleher/dp/0262535432/ref=sr_1_8?__mk_es_MX=%C3%85M%C3%85%C5%BD%C3%95%C3%91&dchild=1&keywords=data+science&qid=1619021523&sr=8-8,Data Science,4.4,231,338.19,249,0,0,338.19,0
https://www.amazon.com.mx/Great-Seven-Journeys-Frontiers-Science/dp/0735221820/ref=sr_1_282?__mk_es_MX=%C3%85M%C3%85%C5%BD%C3%95%C3%91&dchild=1&keywords=data+science&qid=1619021599&sr=8-282,The Great Unknown: Seven Journeys to the Frontiers of Science,4,78,336.6,201.41,0,0,336.6,0
https://www.amazon.com.mx/Machine-Learning-Signal-Processing-Computational/dp/0198714939/ref=sr_1_82?__mk_es_MX=%C3%85M%C3%85%C5%BD%C3%95%C3%91&dchild=1&keywords=data+science&qid=1619021539&sr=8-82,"Machine Learning for Signal Processing: Data Science, Algorithms, and Computational Statistics",4.1,6,329.8,208.61,0,0,329.8,0
https://www.amazon.com.mx/Ciencia-Datos-estrategias-avanzados-aprender/dp/1913597385/ref=sr_1_218?__mk_es_MX=%C3%85M%C3%85%C5%BD%C3%95%C3%91&dchild=1&keywords=data+science&qid=1619021584&sr=8-218,Ciencia de Datos: Métodos y estrategias avanzados para aprender ciencia de datos para empresas,0,0,328.68,0,0,0,328.68,0
https://www.amazon.com.mx/Financial-Analytics-Building-Laboratory-Science/dp/1107150752/ref=sr_1_94?__mk_es_MX=%C3%85M%C3%85%C5%BD%C3%95%C3%91&dchild=1&keywords=data+science&qid=1619021539&sr=8-94,Financial Analytics with R: Building a Laptop Laboratory for Data Science,4.1,17,318.4,888.86,0,0,318.4,0
https://www.amazon.com.mx/Learning-Love-Data-Science-Manufacturing/dp/1491936584/ref=sr_1_199?__mk_es_MX=%C3%85M%C3%85%C5%BD%C3%95%C3%91&dchild=1&keywords=data+science&qid=1619021584&sr=8-199,"Learning to Love Data Science: Explorations of Emerging Technologies and Platforms for Predictive Analytics, Machine Learning, Digital Manufacturing and Supply Chain Optimization",4,13,302.59,212.67,0,0,302.59,0
https://www.amazon.com.mx/Guide-Data-Analytics-Basics-Managers/dp/1633694283/ref=sr_1_221?__mk_es_MX=%C3%85M%C3%85%C5%BD%C3%95%C3%91&dchild=1&keywords=data+science&qid=1619021584&sr=8-221,HBR Guide to Data Analytics Basics for Managers,4.4,212,302,318,0,0,302,0
https://www.amazon.com.mx/Python-Machine-Learning-Essentials-Intelligence/dp/1801142882/ref=sr_1_53?__mk_es_MX=%C3%85M%C3%85%C5%BD%C3%95%C3%91&dchild=1&keywords=data+science&qid=1619021539&sr=8-53,"Python Machine Learning: Discover the Essentials of Machine Learning, Data Analysis, Data Science, Data Mining and Artificial Intelligence Using Python Code with Python Tricks",4.7,4,291.4,500,0,0,291.4,0
https://www.amazon.com.mx/Lean-Analytics-Ultimate-Advanced-Enterprises/dp/1647483506/ref=sr_1_183?__mk_es_MX=%C3%85M%C3%85%C5%BD%C3%95%C3%91&dchild=1&keywords=data+science&qid=1619021569&sr=8-183,"Lean Analytics: The Ultimate Guide to an Agile Way of Analytics, Advanced Analytics, and Data Science for a Superior Way to Build Startups and Run Enterprises",3.6,4,290.8,57.06,0,0,290.8,0
https://www.amazon.com.mx/Data-Science-Cyber-Security-Niall-Adams/dp/1786345633/ref=sr_1_32?__mk_es_MX=%C3%85M%C3%85%C5%BD%C3%95%C3%91&dchild=1&keywords=data+science&qid=1619021523&sr=8-32,Data Science for Cyber-Security: 3,2,1,285.18,522.77,0,0,285.18,0
https://www.amazon.com.mx/Introduction-Computation-Programming-Using-Python/dp/0262542366/ref=sr_1_113?__mk_es_MX=%C3%85M%C3%85%C5%BD%C3%95%C3%91&dchild=1&keywords=data+science&qid=1619021554&sr=8-113,"Introduction to Computation and Programming Using Python, Third Edition: With Application to Computational Modeling and Understanding Data",4.5,23,282.05,875,0,0,282.05,0
https://www.amazon.com.mx/Python-Data-Analysis-Essential-Visualization/dp/1951845137/ref=sr_1_78?__mk_es_MX=%C3%85M%C3%85%C5%BD%C3%95%C3%91&dchild=1&keywords=data+science&qid=1619021539&sr=8-78,"Python For Data Analysis: A Complete Crash Course on Python for Data Science to Learn Essential Tools and Python Libraries, NumPy, Pandas, Jupyter Notebook, Analysis and Visualization",2,1,279.4,0,0,0,279.4,0
https://www.amazon.com.mx/Probability-Statistics-Data-Science-Math/dp/1138393290/ref=sr_1_6?__mk_es_MX=%C3%85M%C3%85%C5%BD%C3%95%C3%91&dchild=1&keywords=data+science&qid=1619021523&sr=8-6,Probability and Statistics for Data Science: Math + R + Data,4.2,20,279.2,139.64,0,0,279.2,0
https://www.amazon.com.mx/Date-Live-Vol-Light-Novel/dp/1975319915/ref=sr_1_257?__mk_es_MX=%C3%85M%C3%85%C5%BD%C3%95%C3%91&dchild=1&keywords=data+science&qid=1619021599&sr=8-257,"Date a Live, Vol. 1 (Light Novel): Dead-End Tohka",4.9,29,274.19,179.27,0,0,274.19,0
https://www.amazon.com.mx/Data-Science-Tricks-Theories-Effectively/dp/1913597253/ref=sr_1_63?__mk_es_MX=%C3%85M%C3%85%C5%BD%C3%95%C3%91&dchild=1&keywords=data+science&qid=1619021539&sr=8-63,Data Science: Tips and Tricks to Learn Data Science Theories Effectively: 2,3.8,8,262,0,0,0,262,0
https://www.amazon.com.mx/Spark-Definitive-Guide-Processing-Simple/dp/1491912219/ref=sr_1_268?__mk_es_MX=%C3%85M%C3%85%C5%BD%C3%95%C3%91&dchild=1&keywords=data+science&qid=1619021599&sr=8-268,Spark: The Definitive Guide: Big Data Processing Made Simple,4.5,272,256.51,745.53,0,0,256.51,0
https://www.amazon.com.mx/Python-Data-Analysis-Step-Step/dp/1914167023/ref=sr_1_28?__mk_es_MX=%C3%85M%C3%85%C5%BD%C3%95%C3%91&dchild=1&keywords=data+science&qid=1619021523&sr=8-28,"Python for Data Analysis: A Step-By-Step Guide to Master the Basics of Data Science and Analysis in Python Using Numpy, Pandas and Ipython: 2",3.9,27,254.2,179.6,0,0,254.2,0
https://www.amazon.com.mx/Data-Science-Handbook-Field-Cady/dp/1119092949/ref=sr_1_109?__mk_es_MX=%C3%85M%C3%85%C5%BD%C3%95%C3%91&dchild=1&keywords=data+science&qid=1619021554&sr=8-109,The Data Science Handbook,4,42,241.2,34.4,0,0,241.2,0
https://www.amazon.com.mx/Big-Data-Very-Short-Introduction/dp/0198779577/ref=sr_1_196?__mk_es_MX=%C3%85M%C3%85%C5%BD%C3%95%C3%91&dchild=1&keywords=data+science&qid=1619021584&sr=8-196,Big Data: A Very Short Introduction,4.4,50,239.6,163.26,0,0,239.6,0
https://www.amazon.com.mx/Introduction-Machine-Learning-Python-Scientists/dp/1449369413/ref=sr_1_281?__mk_es_MX=%C3%85M%C3%85%C5%BD%C3%95%C3%91&dchild=1&keywords=data+science&qid=1619021599&sr=8-281,Introduction to Machine Learning with Python: A Guide for Data Scientists,4.5,340,238.72,384,0,0,238.72,0
https://www.amazon.com.mx/Python-Beginners-Programming-Step-Step/dp/1914176421/ref=sr_1_194?__mk_es_MX=%C3%85M%C3%85%C5%BD%C3%95%C3%91&dchild=1&keywords=data+science&qid=1619021584&sr=8-194,"Python: 4 Books in 1: Ultimate Beginner's Guide, 7 Days Crash Course, Advanced Guide, and Data Science, Learn Computer Programming and Machine Learning with Step-by-Step Exercises",3.3,14,234.8,0,0,0,234.8,0
https://www.amazon.com.mx/Data-Driven-Science-Engineering-Learning-Dynamical/dp/1108422098/ref=sr_1_33?__mk_es_MX=%C3%85M%C3%85%C5%BD%C3%95%C3%91&dchild=1&keywords=data+science&qid=1619021523&sr=8-33,"Data-Driven Science and Engineering: Machine Learning, Dynamical Systems, and Control",4.7,120,229.6,942,0,0,229.6,0
https://www.amazon.com.mx/Python-Data-Analysis-Wrangling-Ipython/dp/1491957662/ref=sr_1_12?__mk_es_MX=%C3%85M%C3%85%C5%BD%C3%95%C3%91&dchild=1&keywords=data+science&qid=1619021523&sr=8-12,"Python for Data Analysis: Data Wrangling with Pandas, Numpy, and Ipython",4.6,990,228.93,413,0,0,228.93,0
https://www.amazon.com.mx/Python-Finance-Mastering-Data-Driven/dp/1492024333/ref=sr_1_229?__mk_es_MX=%C3%85M%C3%85%C5%BD%C3%95%C3%91&dchild=1&keywords=data+science&qid=1619021584&sr=8-229,Python for Finance: Mastering Data-Driven Finance,4.6,176,222.9,865.22,0,0,222.9,0
https://www.amazon.com.mx/Python-computer-programming-artificial-intelligence/dp/9918951249/ref=sr_1_158?__mk_es_MX=%C3%85M%C3%85%C5%BD%C3%95%C3%91&dchild=1&keywords=data+science&qid=1619021569&sr=8-158,"Python: 2 BOOKS in 1: Learn the art of computer programming with the most complete crash course for data science. Master as a pro machine learning, ... artificial intelligence and Arduino in 7 days",3.3,3,219,608.23,0,0,219,0
https://www.amazon.com.mx/Big-Data-Science-Analytics-Hands/dp/0996025537/ref=sr_1_259?__mk_es_MX=%C3%85M%C3%85%C5%BD%C3%95%C3%91&dchild=1&keywords=data+science&qid=1619021599&sr=8-259,Big Data Science & Analytics: A Hands-On Approach,3.7,13,216.87,0,0,0,216.87,0
https://www.amazon.com.mx/Data-Structures-Algorithms-Python-Kent/dp/3319130714/ref=sr_1_193?__mk_es_MX=%C3%85M%C3%85%C5%BD%C3%95%C3%91&dchild=1&keywords=data+science&qid=1619021584&sr=8-193,Data Structures and Algorithms with Python,4.5,6,216.66,880.06,0,0,216.66,0
https://www.amazon.com.mx/Introduction-Data-Visualization-Storytelling-Scientist/dp/1085827836/ref=sr_1_39?__mk_es_MX=%C3%85M%C3%85%C5%BD%C3%95%C3%91&dchild=1&keywords=data+science&qid=1619021523&sr=8-39,Introduction to Data Visualization & Storytelling: A Guide For The Data Scientist,4.1,62,211.96,0,0,0,211.96,0
https://www.amazon.com.mx/Data-Science-Programming-Predictive-Hands/dp/1914176324/ref=sr_1_69?__mk_es_MX=%C3%85M%C3%85%C5%BD%C3%95%C3%91&dchild=1&keywords=data+science&qid=1619021539&sr=8-69,"Data Science: 2 Books in 1: Python Programming & Python for Data Science, The Ultimate Guide to Learn Machine Learning and Predictive Analytics from Scratch with Hands-On Projects",1,1,211.6,0,0,0,211.6,0
https://www.amazon.com.mx/Python-Machine-Learning-Beginners-Intelligence/dp/1801140278/ref=sr_1_292?__mk_es_MX=%C3%85M%C3%85%C5%BD%C3%95%C3%91&dchild=1&keywords=data+science&qid=1619021615&sr=8-292,"Python Machine Learning for Beginners: The Complete Guide to Programming and Deep Learning, Machine Learning and Deep Learning with Python, Data Science and Artificial Intelligence Using Scikit-Learn",0,0,206.4,0,0,0,206.4,0
https://www.amazon.com.mx/python-data-science-Tony-Charles/dp/1801115990/ref=sr_1_222?__mk_es_MX=%C3%85M%C3%85%C5%BD%C3%95%C3%91&dchild=1&keywords=data+science&qid=1619021584&sr=8-222,python for data science,0,0,192.4,0,0,0,192.4,0
https://www.amazon.com.mx/Python-Data-Science-Step-Step/dp/1699764654/ref=sr_1_41?__mk_es_MX=%C3%85M%C3%85%C5%BD%C3%95%C3%91&dchild=1&keywords=data+science&qid=1619021523&sr=8-41,Python for Data Science: The Practical Beginner's Guide to Learn Python Data Science in One Day Step-By-Step (#2020 updated version - Effective Computer Programming),4.2,4,170.24,0,0,0,170.24,0
https://www.amazon.com.mx/Data-Science-Advanced-Strategies-Business/dp/1913597466/ref=sr_1_96?__mk_es_MX=%C3%85M%C3%85%C5%BD%C3%95%C3%91&dchild=1&keywords=data+science&qid=1619021539&sr=8-96,Data Science: Advanced Method And Strategies To Learn Data Science For Business,0,0,165.8,0,0,0,165.8,0
https://www.amazon.com.mx/Weekly-Planner-2021-Grogu-Baby/dp/B08RY8RYP5/ref=sr_1_243?__mk_es_MX=%C3%85M%C3%85%C5%BD%C3%95%C3%91&dchild=1&keywords=data+science&qid=1619021599&sr=8-243,"Weekly Planner 2021 Grogu (Baby Yoda): Baby Yoda , The Child , The Mandalorian , Monday to Sunday Yearly, Monthly, Weekly, Daily Planner With Habit ... and Goals, +120 Pages (8.5 × 11 inches)",4.3,3,163.06,0,0,0,163.06,0
https://www.amazon.com.mx/Physical-Database-Design-Professionals-Exploiting/dp/0123693896/ref=sr_1_232?__mk_es_MX=%C3%85M%C3%85%C5%BD%C3%95%C3%91&dchild=1&keywords=data+science&qid=1619021584&sr=8-232,"Physical Database Design: The Database Professional's Guide to Exploiting Indexes, Views, Storage, and More",3.7,5,152.4,929.58,0,0,152.4,0
https://www.amazon.com.mx/Introduction-Text-Mining-Research-Collection/dp/1506337007/ref=sr_1_247?__mk_es_MX=%C3%85M%C3%85%C5%BD%C3%95%C3%91&dchild=1&keywords=data+science&qid=1619021599&sr=8-247,"An Introduction to Text Mining: Research Design, Data Collection, and Analysis",4.4,7,148.52,154,0,0,148.52,0
https://www.amazon.com.mx/Graphics-Cookbook-Practical-Recipes-Visualizing/dp/1491978600/ref=sr_1_231?__mk_es_MX=%C3%85M%C3%85%C5%BD%C3%95%C3%91&dchild=1&keywords=data+science&qid=1619021584&sr=8-231,R Graphics Cookbook: Practical Recipes for Visualizing Data,4.6,51,144.4,385.88,0,0,144.4,0
https://www.amazon.com.mx/Kafka-Definitive-Real-Time-Stream-Processing/dp/1491936169/ref=sr_1_254?__mk_es_MX=%C3%85M%C3%85%C5%BD%C3%95%C3%91&dchild=1&keywords=data+science&qid=1619021599&sr=8-254,Kafka: The Definitive Guide: Real-Time Data and Stream Processing at Scale,4.5,179,137.91,327,0,0,137.91,0
https://www.amazon.com.mx/Doing-Data-Science-Cathy-ONeil/dp/1449358659/ref=sr_1_37?__mk_es_MX=%C3%85M%C3%85%C5%BD%C3%95%C3%91&dchild=1&keywords=data+science&qid=1619021523&sr=8-37,Doing Data Science,4.3,118,137.91,307,0,0,137.91,0
https://www.amazon.com.mx/Structure-Interpretation-Computer-Programs-Abelson/dp/0262510871/ref=sr_1_234?__mk_es_MX=%C3%85M%C3%85%C5%BD%C3%95%C3%91&dchild=1&keywords=data+science&qid=1619021584&sr=8-234,Structure and Interpretation of Computer Programs,4.7,320,132.07,0,0,0,132.07,0
https://www.amazon.com.mx/Data-Sketches-Nadieh-Bremer/dp/0367000083/ref=sr_1_119?__mk_es_MX=%C3%85M%C3%85%C5%BD%C3%95%C3%91&dchild=1&keywords=data+science&qid=1619021554&sr=8-119,"Data Sketches: A Journey of Imagination, Exploration, and Beautiful Data Visualizations",4.3,14,128.22,999,0,0,128.22,0
https://www.amazon.com.mx/Splunk-Operational-Intelligence-Cookbook-Diakun/dp/1788835239/ref=sr_1_216?__mk_es_MX=%C3%85M%C3%85%C5%BD%C3%95%C3%91&dchild=1&keywords=data+science&qid=1619021584&sr=8-216,"Splunk Operational Intelligence Cookbook: Over 80 recipes for transforming your data into business-critical insights using Splunk, 3rd Edition",4.7,23,115.26,610.64,0,0,115.26,0
https://www.amazon.com.mx/Data-Science-Design-Manual/dp/3319554433/ref=sr_1_251?__mk_es_MX=%C3%85M%C3%85%C5%BD%C3%95%C3%91&dchild=1&keywords=data+science&qid=1619021599&sr=8-251,The Data Science Design Manual,4.8,37,98.79,145.42,0,0,98.79,0
https://www.amazon.com.mx/There-Types-People-Extrapolate-Incomplete/dp/1695300343/ref=sr_1_135?__mk_es_MX=%C3%85M%C3%85%C5%BD%C3%95%C3%91&dchild=1&keywords=data+science&qid=1619021554&sr=8-135,There Are Two Types of People in the World Those Who Can Extrapolate from Incomplete Data: Computer Data Science Gift For Scientist Dot Grid Notebook,0,0,89.44,0,0,0,89.44,0
https://www.amazon.com.mx/Data-Will-Not-Betray-You/dp/1695289706/ref=sr_1_126?__mk_es_MX=%C3%85M%C3%85%C5%BD%C3%95%C3%91&dchild=1&keywords=data+science&qid=1619021554&sr=8-126,Data It Will Not Betray You: Computer Data Science Gift For Scientist Notebook (120 Page Dot grid),0,0,89.39,0,0,0,89.39,0
https://www.amazon.com.mx/There-Types-People-Extrapolate-Incomplete/dp/1695300645/ref=sr_1_134?__mk_es_MX=%C3%85M%C3%85%C5%BD%C3%95%C3%91&dchild=1&keywords=data+science&qid=1619021554&sr=8-134,There Are Two Types of People in the World Those Who Can Extrapolate from Incomplete Data: Computer Data Science Gift For Scientist Dot Grid Notebook (120 Page),0,0,89.06,0,0,0,89.06,0
https://www.amazon.com.mx/Geographical-Data-Science-Spatial-Analysis/dp/1526449366/ref=sr_1_45?__mk_es_MX=%C3%85M%C3%85%C5%BD%C3%95%C3%91&dchild=1&keywords=data+science&qid=1619021523&sr=8-45,Geographical Data Science and Spatial Data Analysis: An Introduction in R,4.4,3,85.84,701.15,0,0,85.84,0
https://www.amazon.com.mx/Elements-Statistical-Learning-Inference-Prediction/dp/0387848576/ref=sr_1_120?__mk_es_MX=%C3%85M%C3%85%C5%BD%C3%95%C3%91&dchild=1&keywords=data+science&qid=1619021554&sr=8-120,"The Elements of Statistical Learning: Data Mining, Inference, and Prediction, Second Edition",4.5,667,74.6,455.42,0,0,74.6,0
https://www.amazon.com.mx/Machine-Learning-Science-Blueprints-Finance/dp/1492073059/ref=sr_1_19?__mk_es_MX=%C3%85M%C3%85%C5%BD%C3%95%C3%91&dchild=1&keywords=data+science&qid=1619021523&sr=8-19,Machine Learning and Data Science Blueprints for Finance: From Building Trading Strategies to Robo-Advisors Using Python,4.1,8,55.13,865.22,0,0,55.13,0
https://www.amazon.com.mx/Python-Data-Science-Handbook-Essential/dp/1491912057/ref=sr_1_4?__mk_es_MX=%C3%85M%C3%85%C5%BD%C3%95%C3%91&dchild=1&keywords=data+science&qid=1619021523&sr=8-4,Python Data Science Handbook: Essential Tools for Working with Data,4.5,408,34.4,327,0,0,34.4,0
https://www.amazon.com.mx/Data-Management-Scale-Enterprise-Architecture/dp/149205478X/ref=sr_1_241?__mk_es_MX=%C3%85M%C3%85%C5%BD%C3%95%C3%91&dchild=1&keywords=data+science&qid=1619021599&sr=8-241,Data Management at Scale: Best Practices for Enterprise Architecture,4.5,24,27.6,884.59,0,0,27.6,0
https://www.amazon.com.mx/Predictive-Mining-Models-David-Olson/dp/9811396639/ref=sr_1_301?__mk_es_MX=%C3%85M%C3%85%C5%BD%C3%95%C3%91&dchild=1&keywords=data+science&qid=1619021615&sr=8-301,Predictive Data Mining Models,5,2,21.4,532.42,0,0,21.4,0
https://www.amazon.com.mx/Machine-Learning-Algorithms-Giuseppe-Bonaccorso/dp/1785889621/ref=sr_1_103?__mk_es_MX=%C3%85M%C3%85%C5%BD%C3%95%C3%91&dchild=1&keywords=data+science&qid=1619021554&sr=8-103,Machine Learning Algorithms: A reference guide to popular algorithms for data science and machine learning,4.4,10,13.85,771.48,0,0,13.85,0
https://www.amazon.com.mx/Data-Science-Education-Using-R/dp/0367422255/ref=sr_1_184?__mk_es_MX=%C3%85M%C3%85%C5%BD%C3%95%C3%91&dchild=1&keywords=data+science&qid=1619021569&sr=8-184,Data Science in Education Using R,5,8,9.4,799.2,0,0,9.4,0
https://www.amazon.com.mx/Data-Science-Transform-Visualize-Model/dp/1491910399/ref=sr_1_11?__mk_es_MX=%C3%85M%C3%85%C5%BD%C3%95%C3%91&dchild=1&keywords=data+science&qid=1619021523&sr=8-11,"R for Data Science: Import, Tidy, Transform, Visualize, and Model Data",4.7,953,4.53,327,0,0,4.53,0
https://www.amazon.com.mx/Data-Science-Executives-Leveraging-Intelligence/dp/1544511256/ref=sr_1_212?__mk_es_MX=%C3%85M%C3%85%C5%BD%C3%95%C3%91&dchild=1&keywords=data+science&qid=1619021584&sr=8-212,Data Science for Executives: Leveraging Machine Intelligence to Drive Business ROI,4.1,33,0,921.17,0,0,0,0
https://www.amazon.com.mx/Data-Science-Big-Analytics-Discovering/dp/111887613X/ref=sr_1_58?__mk_es_MX=%C3%85M%C3%85%C5%BD%C3%95%C3%91&dchild=1&keywords=data+science&qid=1619021539&sr=8-58,"Data Science and Big Data Analytics: Discovering, Analyzing, Visualizing and Presenting Data",4.3,130,0,897,0,0,0,0
https://www.amazon.com.mx/Data-Governance-Definitive-Operationalize-Trustworthiness/dp/1492063495/ref=sr_1_187?__mk_es_MX=%C3%85M%C3%85%C5%BD%C3%95%C3%91&dchild=1&keywords=data+science&qid=1619021569&sr=8-187,"Data Governance: The Definitive Guide: People, Processes, and Tools to Operationalize Data Trustworthiness",0,0,0,865.22,0,0,0,0
https://www.amazon.com.mx/Analytics-Descriptive-Predictive-Network-Techniques/dp/1119133122/ref=sr_1_115?__mk_es_MX=%C3%85M%C3%85%C5%BD%C3%95%C3%91&dchild=1&keywords=data+science&qid=1619021554&sr=8-115,"Fraud Analytics Using Descriptive, Predictive, and Social Network Techniques: A Guide to Data Science for Fraud Detection",3.9,41,0,747,0,0,0,0
https://www.amazon.com.mx/Mathematical-Problems-Data-Science-Theoretical-ebook/dp/B019FNX9YQ/ref=sr_1_77?__mk_es_MX=%C3%85M%C3%85%C5%BD%C3%95%C3%91&dchild=1&keywords=data+science&qid=1619021539&sr=8-77,Mathematical Problems in Data Science: Theoretical and Practical Methods (English Edition),0,0,0,722.8,163.93,163.93,163.93,163.93
https://www.amazon.com.mx/Statistical-Learning-Science-Computer-Analysis-ebook/dp/B008472OKA/ref=sr_1_40?__mk_es_MX=%C3%85M%C3%85%C5%BD%C3%95%C3%91&dchild=1&keywords=data+science&qid=1619021523&sr=8-40,Statistical Learning and Data Science (Chapman & Hall/CRC Computer Science & Data Analysis) (English Edition),0,0,0,654.8,929.76,929.76,929.76,929.76
https://www.amazon.com.mx/Data-Science-Quick-Reference-Libraries/dp/1484248937/ref=sr_1_173?__mk_es_MX=%C3%85M%C3%85%C5%BD%C3%95%C3%91&dchild=1&keywords=data+science&qid=1619021569&sr=8-173,"R Data Science Quick Reference: A Pocket Guide to Apis, Libraries, and Packages",5,3,0,626.46,0,0,0,0
https://www.amazon.com.mx/Introduction-Scientific-Programming-SpringerBriefs-Computing-ebook/dp/B08C7GNS3N/ref=sr_1_44?__mk_es_MX=%C3%85M%C3%85%C5%BD%C3%95%C3%91&dchild=1&keywords=data+science&qid=1619021523&sr=8-44,Introduction to Scientific Programming with Python (Simula SpringerBriefs on Computing Book 6) (English Edition),4.4,83,0,606.4,0,0,0,0
https://www.amazon.com.mx/Statistical-Inference-via-Data-Science-ebook/dp/B0831SYN93/ref=sr_1_46?__mk_es_MX=%C3%85M%C3%85%C5%BD%C3%95%C3%91&dchild=1&keywords=data+science&qid=1619021523&sr=8-46,Statistical Inference via Data Science: A ModernDive into R and the Tidyverse (Chapman & Hall/CRC The R Series) (English Edition),4.5,17,0,599,302.52,302.52,302.52,302.52
https://www.amazon.com.mx/Data-Governance-Sustain-Effective-Program/dp/0124158293/ref=sr_1_297?__mk_es_MX=%C3%85M%C3%85%C5%BD%C3%95%C3%91&dchild=1&keywords=data+science&qid=1619021615&sr=8-297,"Data Governance: How to Design, Deploy and Sustain an Effective Data Governance Program",4.3,70,0,598,0,0,0,0
https://www.amazon.com.mx/Structures-Knowledge-Discovery-Classification-Organization-ebook/dp/B00X9NZLMW/ref=sr_1_93?__mk_es_MX=%C3%85M%C3%85%C5%BD%C3%95%C3%91&dchild=1&keywords=data+science&qid=1619021539&sr=8-93,"Data Science, Learning by Latent Structures, and Knowledge Discovery (Studies in Classification, Data Analysis, and Knowledge Organization) (English Edition)",0,0,0,564.78,98,98,98,98
https://www.amazon.com.mx/Learning-Tableau-2020-visualizations-organization/dp/1800200366/ref=sr_1_240?__mk_es_MX=%C3%85M%C3%85%C5%BD%C3%95%C3%91&dchild=1&keywords=data+science&qid=1619021584&sr=8-240,"Learning Tableau 2020 - Fourth Edition: Create effective data visualizations, build interactive visual analytics, and transform your organization",4.6,60,0,509,0,0,0,0
https://www.amazon.com.mx/Machine-Learning-Data-Science-Industry/dp/0128207140/ref=sr_1_170?__mk_es_MX=%C3%85M%C3%85%C5%BD%C3%95%C3%91&dchild=1&keywords=data+science&qid=1619021569&sr=8-170,"Machine Learning and Data Science in the Oil and Gas Industry: Best Practices, Tools, and Case Studies",0,0,0,508.98,0,0,0,0
https://www.amazon.com.mx/Python-Programming-Beginners-Science-English-ebook/dp/B08N5CTWHR/ref=sr_1_293?__mk_es_MX=%C3%85M%C3%85%C5%BD%C3%95%C3%91&dchild=1&keywords=data+science&qid=1619021615&sr=8-293,Python Programming: This Book Includes: Python for Beginners - Python for Data Science (English Edition),4.1,17,0,481.86,149.99,149.99,0,149.99
https://www.amazon.com.mx/Network-Science-Python-NetworkX-Quick/dp/1789955319/ref=sr_1_153?__mk_es_MX=%C3%85M%C3%85%C5%BD%C3%95%C3%91&dchild=1&keywords=data+science&qid=1619021569&sr=8-153,Network Science with Python and NetworkX Quick Start Guide,5,5,0,440,0,0,0,0
https://www.amazon.com.mx/How-Became-Our-Data-Informational/dp/022662658X/ref=sr_1_237?__mk_es_MX=%C3%85M%C3%85%C5%BD%C3%95%C3%91&dchild=1&keywords=data+science&qid=1619021584&sr=8-237,How We Became Our Data: A Genealogy of the Informational Person,0,0,0,408.48,0,0,0,0
https://www.amazon.com.mx/Between-Data-Science-Applied-Analysis-ebook/dp/B000VIBPDW/ref=sr_1_112?__mk_es_MX=%C3%85M%C3%85%C5%BD%C3%95%C3%91&dchild=1&keywords=data+science&qid=1619021554&sr=8-112,"Between Data Science and Applied Data Analysis: Proceedings of the 26th Annual Conference of the Gesellschaft für Klassifikation e.V., University of Mannheim, ... Knowledge Organization) (English Edition)",0,0,0,195.2,559.18,559.18,559.18,559.18
https://www.amazon.com.mx/dp/B0932CV4L2/ref=sr_1_90?__mk_es_MX=%C3%85M%C3%85%C5%BD%C3%95%C3%91&dchild=1&keywords=data+science&qid=1619021539&sr=8-90,FRANKENSTEIN or The Modern Prometheus (English Edition),4.6,10,0,194.25,61.83,61.83,0,61.83
https://www.amazon.com.mx/Big-Data-Artificial-Intelligence-Predictive/dp/1696133726/ref=sr_1_262?__mk_es_MX=%C3%85M%C3%85%C5%BD%C3%95%C3%91&dchild=1&keywords=data+science&qid=1619021599&sr=8-262,"Big Data: A Guide to Big Data Trends, Artificial Intelligence, Machine Learning, Predictive Analytics, Internet of Things, Data Science, Data Analytics, Business Intelligence, and Data Mining",4.4,10,0,176.6,0,0,0,0
https://www.amazon.com.mx/Data-Science-Production-Building-Pipelines/dp/165206463X/ref=sr_1_284?__mk_es_MX=%C3%85M%C3%85%C5%BD%C3%95%C3%91&dchild=1&keywords=data+science&qid=1619021599&sr=8-284,Data Science in Production: Building Scalable Model Pipelines with Python,4.5,18,0,120.19,0,0,0,0
https://www.amazon.com.mx/Ciencia-los-datos-Consejos-efectivos/dp/B08NZ64RMY/ref=sr_1_157?__mk_es_MX=%C3%85M%C3%85%C5%BD%C3%95%C3%91&dchild=1&keywords=data+science&qid=1619021569&sr=8-157,Ciencia de los datos: Consejos y trucos simples y efectivos para aprender ciencia de datos,0,0,0,119.96,0,0,0,0
https://www.amazon.com.mx/Anno-Domini-English-Pieter-Harting-ebook/dp/B092W43FWL/ref=sr_1_150?__mk_es_MX=%C3%85M%C3%85%C5%BD%C3%95%C3%91&dchild=1&keywords=data+science&qid=1619021569&sr=8-150,Anno Domini 2071 (English Edition),0,0,0,116.41,79.48,79.48,79.48,79.48
https://www.amazon.com.mx/Better-Data-Visualizations-Scholars-Researchers/dp/0231193114/ref=sr_1_139?__mk_es_MX=%C3%85M%C3%85%C5%BD%C3%95%C3%91&dchild=1&keywords=data+science&qid=1619021554&sr=8-139,"Better Data Visualizations: A Guide for Scholars, Researchers, and Wonks",4.7,28,0,87.47,0,0,0,0
https://www.amazon.com.mx/All-Ghosts-Machine-Afterlife-Personal/dp/1472141903/ref=sr_1_197?__mk_es_MX=%C3%85M%C3%85%C5%BD%C3%95%C3%91&dchild=1&keywords=data+science&qid=1619021584&sr=8-197,All the Ghosts in the Machine: The Digital Afterlife of Your Personal Data,4.7,21,0,73.8,0,0,0,0
https://www.amazon.com.mx/Law-Data-Computation-Future-Analysis/dp/1947864130/ref=sr_1_265?__mk_es_MX=%C3%85M%C3%85%C5%BD%C3%95%C3%91&dchild=1&keywords=data+science&qid=1619021599&sr=8-265,"Law as Data: Computation, Text, & the Future of Legal Analysis: 3",3.8,12,0,56.86,0,0,0,0
https://www.amazon.com.mx/Data-Science-Business-Data-Analytic-Thinking-ebook/dp/B00E6EQ3X4/ref=sr_1_2?__mk_es_MX=%C3%85M%C3%85%C5%BD%C3%95%C3%91&dchild=1&keywords=data+science&qid=1619021523&sr=8-2,Data Science for Business: What You Need to Know about Data Mining and Data-Analytic Thinking (English Edition),4.5,662,0,47.06,288,288,288,288
https://www.amazon.com.mx/End-End-Data-Science-Hands-ebook/dp/B08BW6NTGM/ref=sr_1_255?__mk_es_MX=%C3%85M%C3%85%C5%BD%C3%95%C3%91&dchild=1&keywords=data+science&qid=1619021599&sr=8-255,End-to-End Data Science with SAS: A Hands-On Programming Guide (English Edition),4.6,5,0,45.21,393.32,393.32,393.32,393.32
https://www.amazon.com.mx/Innovations-Classification-Science-Information-Systems-ebook/dp/B000V6BNH2/ref=sr_1_129?__mk_es_MX=%C3%85M%C3%85%C5%BD%C3%95%C3%91&dchild=1&keywords=data+science&qid=1619021554&sr=8-129,"Innovations in Classification, Data Science, and Information Systems: Proceedings of the 27th Annual Conference of the Gesellschaft für Klassifikation ... Knowledge Organization) (English Edition)",0,0,0,3.78,139.69,139.69,139.69,139.69
https://www.amazon.com.mx/dp/B0933M2P7W/ref=sr_1_188?__mk_es_MX=%C3%85M%C3%85%C5%BD%C3%95%C3%91&dchild=1&keywords=data+science&qid=1619021569&sr=8-188,Big Data and Artificial Intelligence for Healthcare Applications (Big Data for Industry 4.0) (English Edition),0,0,0,0,943.2,943.2,943.2,943.2
https://www.amazon.com.mx/Data-Science-AWS-End-End-ebook/dp/B0921MXC9S/ref=sr_1_24?__mk_es_MX=%C3%85M%C3%85%C5%BD%C3%95%C3%91&dchild=1&keywords=data+science&qid=1619021523&sr=8-24,"Data Science on AWS: Implementing End-to-End, Continuous AI and Machine Learning Pipelines (English Edition)",0,0,0,0,865.22,865.22,865.22,865.22
https://www.amazon.com.mx/Data-Science-Questions-Deliver-English-ebook/dp/B01N421L60/ref=sr_1_165?__mk_es_MX=%C3%85M%C3%85%C5%BD%C3%95%C3%91&dchild=1&keywords=data+science&qid=1619021569&sr=8-165,Data Science: Create Teams That Ask the Right Questions and Deliver Real Value (English Edition),3.9,6,0,0,852.4,852.4,852.4,852.4
https://www.amazon.com.mx/Beginning-Data-Science-R-English-ebook/dp/B00QRSSCIG/ref=sr_1_21?__mk_es_MX=%C3%85M%C3%85%C5%BD%C3%95%C3%91&dchild=1&keywords=data+science&qid=1619021523&sr=8-21,Beginning Data Science with R (English Edition),0,0,0,0,820.96,820.96,820.96,820.96
https://www.amazon.com.mx/Applied-Data-Science-Using-PySpark-ebook/dp/B08QZ5KPZN/ref=sr_1_226?__mk_es_MX=%C3%85M%C3%85%C5%BD%C3%95%C3%91&dchild=1&keywords=data+science&qid=1619021584&sr=8-226,Applied Data Science Using PySpark: Learn the End-to-End Predictive Model-Building Cycle (English Edition),5,5,0,0,738.27,738.27,738.27,738.27
https://www.amazon.com.mx/Annotated-Bibliography-Automation-Processing-Computer-ebook/dp/B08XN4HMX5/ref=sr_1_289?__mk_es_MX=%C3%85M%C3%85%C5%BD%C3%95%C3%91&dchild=1&keywords=data+science&qid=1619021615&sr=8-289,"Annotated Bibliography of Films in Automation, Data Processing, and Computer Science (English Edition)",0,0,0,0,735.57,735.57,735.57,735.57
https://www.amazon.com.mx/Data-Visualization-Exploration-visualization-applications-ebook/dp/B07HM7LC41/ref=sr_1_102?__mk_es_MX=%C3%85M%C3%85%C5%BD%C3%95%C3%91&dchild=1&keywords=data+science&qid=1619021554&sr=8-102,"Data Visualization and Exploration with R: A practical guide to using R, RStudio, and Tidyverse for data visualization, exploration, and data science applications (English Edition)",0,0,0,0,734.32,734.32,0,734.32
https://www.amazon.com.mx/yanfind-cubierta-tur%C3%ADstico-Innovation-personalizaci%C3%B3n/dp/B0932L567S/ref=sr_1_148?__mk_es_MX=%C3%85M%C3%85%C5%BD%C3%95%C3%91&dchild=1&keywords=data+science&qid=1619021569&sr=8-148,"yanfind Ropa de cama de 3 (1 cubierta, 2 cama funda de almohada Sin Sheet) Data Science iluminan en color rojo ance de ancho de banda turístico Infinity Fiber Innovation na Abstract cómoda personalización suave funda nórdica",0,0,0,0,726,0,0,0
https://www.amazon.com.mx/Categorical-Analysis-Behavioral-Sciences-English-ebook/dp/B093249YP8/ref=sr_1_97?__mk_es_MX=%C3%85M%C3%85%C5%BD%C3%95%C3%91&dchild=1&keywords=data+science&qid=1619021554&sr=8-97,Categorical Data Analysis for the Behavioral and Social Sciences (English Edition),0,0,0,0,711.2,711.2,711.2,711.2
https://www.amazon.com.mx/NEULOG-Electrocardiogram-Logger-Sensor-Resolution/dp/B00B76OPUM/ref=sr_1_266?__mk_es_MX=%C3%85M%C3%85%C5%BD%C3%95%C3%91&dchild=1&keywords=data+science&qid=1619021599&sr=8-266,"NEULOG Electrocardiogram Logger Sensor, 12 bit ADC Resolution",0,0,0,0,682.24,0,0,0
https://www.amazon.com.mx/Becoming-Data-Head-Understand-Statistics-ebook/dp/B092TSVZJ8/ref=sr_1_67?__mk_es_MX=%C3%85M%C3%85%C5%BD%C3%95%C3%91&dchild=1&keywords=data+science&qid=1619021539&sr=8-67,"Becoming a Data Head: How to Think, Speak, and Understand Data Science, Statistics, and Machine Learning (English Edition)",0,0,0,0,664.8,664.8,664.8,664.8
https://www.amazon.com.mx/Science-Supply-Chain-Forecasting-English-ebook/dp/B08X3LJ91L/ref=sr_1_68?__mk_es_MX=%C3%85M%C3%85%C5%BD%C3%95%C3%91&dchild=1&keywords=data+science&qid=1619021539&sr=8-68,Data Science for Supply Chain Forecasting (English Edition),0,0,0,0,658.49,658.49,658.49,658.49
https://www.amazon.com.mx/DATA-SCIENCE-ELECTORAL-CARLOS-MERLO-ebook/dp/B093239B61/ref=sr_1_36?__mk_es_MX=%C3%85M%C3%85%C5%BD%C3%95%C3%91&dchild=1&keywords=data+science&qid=1619021523&sr=8-36,DATA SCIENCE ELECTORAL,0,0,0,0,600,600,0,600
https://www.amazon.com.mx/dp/B0933M3PHP/ref=sr_1_182?__mk_es_MX=%C3%85M%C3%85%C5%BD%C3%95%C3%91&dchild=1&keywords=data+science&qid=1619021569&sr=8-182,Bayesian Networks: With Examples in R (Chapman & Hall/CRC Texts in Statistical Science) (English Edition),0,0,0,0,599.2,599.2,599.2,599.2
https://www.amazon.com.mx/Temtop-TemLog-Waterproof-Temperature-Logger/dp/B01N98976A/ref=sr_1_166?__mk_es_MX=%C3%85M%C3%85%C5%BD%C3%95%C3%91&dchild=1&keywords=data+science&qid=1619021569&sr=8-166,Temtop TemLog 20 Waterproof Temperature Data Logger USB Model 32000 Points,4,76,0,0,595.99,0,0,0
https://www.amazon.com.mx/Machine-Learning-Business-Introduction-Science-ebook/dp/B088HJH41L/ref=sr_1_205?__mk_es_MX=%C3%85M%C3%85%C5%BD%C3%95%C3%91&dchild=1&keywords=data+science&qid=1619021584&sr=8-205,Machine Learning in Business: An Introduction to the World of Data Science (English Edition),4.5,22,0,0,549.32,549.32,0,549.32
https://www.amazon.com.mx/Snowflake-Cookbook-Techniques-warehousing-solutions-ebook/dp/B08PDJ7CTX/ref=sr_1_283?__mk_es_MX=%C3%85M%C3%85%C5%BD%C3%95%C3%91&dchild=1&keywords=data+science&qid=1619021599&sr=8-283,Snowflake Cookbook: Techniques for building modern cloud data warehousing solutions (English Edition),4.5,2,0,0,504.52,504.52,504.52,504.52
https://www.amazon.com.mx/Lambda-Tensorbook-modelo-2020-Thunderbolt/dp/B08FXYQHKL/ref=sr_1_62?__mk_es_MX=%C3%85M%C3%85%C5%BD%C3%95%C3%91&dchild=1&keywords=data+science&qid=1619021539&sr=8-62,"Lambda Tensorbook (modelo 2020) – Machine Learning, Deep Learning, Data Science Laptop: Intel Core i7-10875H 8 Core, NVIDIA RTX 2080 Super Max-Q 8 GB, 15.6"" 1080p, 64GB RAM, 1TB NVMe SSD, Thunderbolt 3",0,0,0,0,499.99,0,0,0
https://www.amazon.com.mx/dp/B0933FMJK2/ref=sr_1_27?__mk_es_MX=%C3%85M%C3%85%C5%BD%C3%95%C3%91&dchild=1&keywords=data+science&qid=1619021523&sr=8-27,"Intro to Python for Computer Science and Data Science: Learning to Program with AI, Big Data and The Cloud (English Edition)",0,0,0,0,481.57,481.57,481.57,481.57
https://www.amazon.com.mx/Tarjeta-term%C3%B3metro-termopar-temperatura-registrador/dp/B01HD4WMS8/ref=sr_1_185?__mk_es_MX=%C3%85M%C3%85%C5%BD%C3%95%C3%91&dchild=1&keywords=data+science&qid=1619021569&sr=8-185,Termómetro termopar tipo K de 4 canales multicanal tarjeta SD registrador de datos temperatura con sonido y alarma LED + sensor de cable de 2 bolas,4.3,33,0,0,451.78,0,0,0
https://www.amazon.com.mx/Tarjeta-term%C3%B3metro-termopar-temperatura-registrador/dp/B01HD4WMS8/ref=sr_1_195?__mk_es_MX=%C3%85M%C3%85%C5%BD%C3%95%C3%91&dchild=1&keywords=data+science&qid=1619021584&sr=8-195,Termómetro termopar tipo K de 4 canales multicanal tarjeta SD registrador de datos temperatura con sonido y alarma LED + sensor de cable de 2 bolas,4.3,33,0,0,451.78,0,0,0
https://www.amazon.com.mx/Hands-Data-Analysis-Pandas-visualization-ebook/dp/B08R67H7F5/ref=sr_1_80?__mk_es_MX=%C3%85M%C3%85%C5%BD%C3%95%C3%91&dchild=1&keywords=data+science&qid=1619021539&sr=8-80,"Hands-On Data Analysis with Pandas - Second Edition: A Python data science handbook for data collection, wrangling, analysis, and visualization (English Edition)",0,0,0,0,428.63,428.63,428.63,428.63
https://www.amazon.com.mx/Getting-Started-Data-Science-Analytics-ebook/dp/B019D322UU/ref=sr_1_76?__mk_es_MX=%C3%85M%C3%85%C5%BD%C3%95%C3%91&dchild=1&keywords=data+science&qid=1619021539&sr=8-76,Getting Started with Data Science: Making Sense of Data with Analytics (IBM Press) (English Edition),4.4,59,0,0,407.58,407.58,407.58,407.58
https://www.amazon.com.mx/Agile-Data-Science-2-0-Applications-ebook/dp/B072MKL34K/ref=sr_1_276?__mk_es_MX=%C3%85M%C3%85%C5%BD%C3%95%C3%91&dchild=1&keywords=data+science&qid=1619021599&sr=8-276,Agile Data Science 2.0: Building Full-Stack Data Analytics Applications with Spark (English Edition),4.1,28,0,0,375,375,375,375
https://www.amazon.com.mx/Cleaning-Data-Effective-Science-command-line-ebook/dp/B08Z8GRYFY/ref=sr_1_176?__mk_es_MX=%C3%85M%C3%85%C5%BD%C3%95%C3%91&dchild=1&keywords=data+science&qid=1619021569&sr=8-176,"Cleaning Data for Effective Data Science: Doing the other 80% of the work with Python, R, and command-line tools (English Edition)",0,0,0,0,364.16,364.16,364.16,364.16
https://www.amazon.com.mx/dp/B0932W6YW8/ref=sr_1_16?__mk_es_MX=%C3%85M%C3%85%C5%BD%C3%95%C3%91&dchild=1&keywords=data+science&qid=1619021523&sr=8-16,Space Sciences Data Processing (English Edition),0,0,0,0,279.4,279.4,279.4,279.4
https://www.amazon.com.mx/Space-Sciences-Data-Processing-English-ebook/dp/B092TL59NB/ref=sr_1_47?__mk_es_MX=%C3%85M%C3%85%C5%BD%C3%95%C3%91&dchild=1&keywords=data+science&qid=1619021523&sr=8-47,Space Sciences Data Processing (English Edition),0,0,0,0,278.67,278.67,278.67,278.67
https://www.amazon.com.mx/Specifications-Balloon-Borne-Ultraviolet-Spectrometer-Decommutation-ebook/dp/B092YXSKHJ/ref=sr_1_73?__mk_es_MX=%C3%85M%C3%85%C5%BD%C3%95%C3%91&dchild=1&keywords=data+science&qid=1619021539&sr=8-73,Computer Program Design Specifications For The Balloon-Borne Ultraviolet Stellar Spectrometer (Buss) Science Data Decommutation Program (Baps48) (English Edition),0,0,0,0,278.67,278.67,278.67,278.67
https://www.amazon.com.mx/Requirements-National-Science-Information-English-ebook/dp/B092SXD37F/ref=sr_1_60?__mk_es_MX=%C3%85M%C3%85%C5%BD%C3%95%C3%91&dchild=1&keywords=data+science&qid=1619021539&sr=8-60,Requirements For The National Space Science Data Center Information System (English Edition),0,0,0,0,278.67,278.67,278.67,278.67
https://www.amazon.com.mx/Management-National-Science-Center-English-ebook/dp/B092TJTQML/ref=sr_1_52?__mk_es_MX=%C3%85M%C3%85%C5%BD%C3%95%C3%91&dchild=1&keywords=data+science&qid=1619021539&sr=8-52,Data Management At The National Space Science Data Center (English Edition),0,0,0,0,278.67,278.67,278.67,278.67
https://www.amazon.com.mx/Elitech-STC-1000-impermeable-registrador-temperatura/dp/B074DR6LJ2/ref=sr_1_299?__mk_es_MX=%C3%85M%C3%85%C5%BD%C3%95%C3%91&dchild=1&keywords=data+science&qid=1619021615&sr=8-299,"Elitech RC-51H PDF Registrador de Datos de Temperatura y Humedad, USB Registrador Tester Points Pen Style, 32000 Puntos de Registro, Data Logger para Transporte de Alimentos, medicamentos",4.8,7,0,0,200,0,0,0
https://www.amazon.com.mx/Balancing-Science-Technology-Times-English-ebook/dp/B092Z2F68X/ref=sr_1_175?__mk_es_MX=%C3%85M%C3%85%C5%BD%C3%95%C3%91&dchild=1&keywords=data+science&qid=1619021569&sr=8-175,"Balancing God, Science, and Technology in the End Times (English Edition)",5,1,0,0,198.99,198.99,198.99,198.99
https://www.amazon.com.mx/gp/slredirect/picassoRedirect.html/ref=pa_sp_mtf_aps_sr_pg1_1?ie=UTF8&adId=A01307062L89LLHXRG1QN&url=%2FThis-Wi-Fi-Organic-Spotting-Misleading-ebook%2Fdp%2FB08W9K84HB%2Fref%3Dsr_1_17_sspa%3F__mk_es_MX%3D%25C3%2585M%25C3%2585%25C5%25BD%25C3%2595%25C3%2591%26dchild%3D1%26keywords%3Ddata%2Bscience%26qid%3D1619021523%26sr%3D8-17-spons%26psc%3D1&qualifier=1619021523&id=3086838407053858&widgetName=sp_mtf,Is This Wi-Fi Organic?: A Guide to Spotting Misleading Science Online (Science Myths Debunked) (English Edition),0,0,0,0,192,192,192,192
https://www.amazon.com.mx/gp/slredirect/picassoRedirect.html/ref=pa_sp_mtf_aps_sr_pg1_1?ie=UTF8&adId=A05254352QIEXLUS465JR&url=%2FWhat-Your-Customer-Wants-Cant-ebook%2Fdp%2FB091V3YDHQ%2Fref%3Dsr_1_18_sspa%3F__mk_es_MX%3D%25C3%2585M%25C3%2585%25C5%25BD%25C3%2595%25C3%2591%26dchild%3D1%26keywords%3Ddata%2Bscience%26qid%3D1619021523%26sr%3D8-18-spons%26psc%3D1&qualifier=1619021523&id=3086838407053858&widgetName=sp_mtf,What Your Customer Wants and Can’t Tell You: Unlocking Consumer Decisions with the Science of Behavioral Economics (English Edition),0,0,0,0,161.14,161.14,161.14,161.14
https://www.amazon.com.mx/Introduction-Data-Science-English-ebook/dp/B07C6JSN8J/ref=sr_1_49?__mk_es_MX=%C3%85M%C3%85%C5%BD%C3%95%C3%91&dchild=1&keywords=data+science&qid=1619021539&sr=8-49,An Introduction to Data Science (English Edition),4.5,50,0,0,154,154,154,154
https://www.amazon.com.mx/Probability-Statistics-Science-Machine-Learning-ebook/dp/B08L2V4GBG/ref=sr_1_125?__mk_es_MX=%C3%85M%C3%85%C5%BD%C3%95%C3%91&dchild=1&keywords=data+science&qid=1619021554&sr=8-125,Probability and Statistics for Data Science & Machine Learning (English Edition),4.9,10,0,0,149.99,149.99,149.99,149.99
https://www.amazon.com.mx/Core-science-illustrations-python-English-ebook/dp/B08WCBWYQ6/ref=sr_1_100?__mk_es_MX=%C3%85M%C3%85%C5%BD%C3%95%C3%91&dchild=1&keywords=data+science&qid=1619021554&sr=8-100,Core data science with illustrations in R and python (English Edition),5,1,0,0,149.99,149.99,0,149.99
https://www.amazon.com.mx/Python-Data-Science-Step-Step-ebook/dp/B08WYF4SFF/ref=sr_1_108?__mk_es_MX=%C3%85M%C3%85%C5%BD%C3%95%C3%91&dchild=1&keywords=data+science&qid=1619021554&sr=8-108,Python for Data Science: The Ultimate Step-by-Step Guide to Python Programming. Discover How to Master Big Data Analysis and Understand Machine Learning (English Edition),4.8,20,0,0,149.99,149.99,0,149.99
https://www.amazon.com.mx/PYTHON-Programming-Intelligence-Step-Step-ebook/dp/B08W3MMN54/ref=sr_1_66?__mk_es_MX=%C3%85M%C3%85%C5%BD%C3%95%C3%91&dchild=1&keywords=data+science&qid=1619021539&sr=8-66,"PYTHON: Programming & Data Science - The Fastest Way to Become Proficient in Data Analysis, Artificial Intelligence, and Machine Learning, with Step-by-Step ... Beginners (2 Books in 1) (English Edition)",4.7,15,0,0,149.99,149.99,0,149.99
https://www.amazon.com.mx/Data-Science-Beginners-Programming-Learning-ebook/dp/B0842X2C28/ref=sr_1_107?__mk_es_MX=%C3%85M%C3%85%C5%BD%C3%95%C3%91&dchild=1&keywords=data+science&qid=1619021554&sr=8-107,Data Science for Beginners: The Essential Crash Course to Learn Python Programming and Master Data Science from Scratch with Real-World Applications to ... Learning. 6 Books in 1 (English Edition),4.5,90,0,0,149.99,149.99,0,149.99
https://www.amazon.com.mx/Machine-Learning-Mathematics-Artificial-Intelligence-ebook/dp/B087PDKRX8/ref=sr_1_162?__mk_es_MX=%C3%85M%C3%85%C5%BD%C3%95%C3%91&dchild=1&keywords=data+science&qid=1619021569&sr=8-162,"Machine Learning Mathematics: Study Deep Learning Through Data Science. How to Build Artificial Intelligence Through Concepts of Statistics, Algorithms, Analysis and Data Mining (English Edition)",4,35,0,0,149.99,149.99,0,149.99
https://www.amazon.com.mx/Cracking-Data-Science-Interview-Questions-ebook/dp/B082T29SQB/ref=sr_1_191?__mk_es_MX=%C3%85M%C3%85%C5%BD%C3%95%C3%91&dchild=1&keywords=data+science&qid=1619021569&sr=8-191,Cracking the Data Science Interview: 101+ Data Science Questions & Solutions (English Edition),3.6,21,0,0,149.99,149.99,0,149.99
https://www.amazon.com.mx/Machine-Learning-Developing-Artificial-Intelligence-ebook/dp/B091C7VRTP/ref=sr_1_244?__mk_es_MX=%C3%85M%C3%85%C5%BD%C3%95%C3%91&dchild=1&keywords=data+science&qid=1619021599&sr=8-244,Machine Learning: The complete Math Guide to Master Data Science with Python and Developing Artificial Intelligence (English Edition),0,0,0,0,149.99,149.99,0,149.99
https://www.amazon.com.mx/DATA-SCIENCE-Beginners-Effective-Effectively-ebook/dp/B08Z41M9CW/ref=sr_1_155?__mk_es_MX=%C3%85M%C3%85%C5%BD%C3%95%C3%91&dchild=1&keywords=data+science&qid=1619021569&sr=8-155,DATA SCIENCE: 3 in 1- Beginner's Guide+ Simple and Effective Tips and Tricks+ Advanced Guide to Learn the Realms of Data Science Effectively (English Edition),0,0,0,0,149.99,149.99,0,149.99
https://www.amazon.com.mx/Business-Analytics-Science-Data-Driven-Decision-ebook/dp/B075XLZY23/ref=sr_1_296?__mk_es_MX=%C3%85M%C3%85%C5%BD%C3%95%C3%91&dchild=1&keywords=data+science&qid=1619021615&sr=8-296,Business Analytics: The Science of Data - Driven Decision Making (English Edition),4.4,286,0,0,147.87,147.87,147.87,147.87
https://www.amazon.com.mx/Data-Science-Live-Book-preparation-ebook/dp/B07BR748VM/ref=sr_1_146?__mk_es_MX=%C3%85M%C3%85%C5%BD%C3%95%C3%91&dchild=1&keywords=data+science&qid=1619021569&sr=8-146,"Data Science Live Book: An intuitive and practical approach to data analysis, data preparation and machine learning, suitable for all ages! (English Edition)",4.2,4,0,0,129.5,129.5,129.5,129.5
https://www.amazon.com.mx/Data-Nerd-calcoman%C3%ADa-decorativo-Science/dp/B07VC3MPF5/ref=sr_1_210?__mk_es_MX=%C3%85M%C3%85%C5%BD%C3%95%C3%91&dchild=1&keywords=data+science&qid=1619021584&sr=8-210,Calcomanía de datos nerd divertida Geek Nerd Science Genius,0,0,0,0,126.42,0,0,0
https://www.amazon.com.mx/Python-Data-Science-Step-Step-ebook/dp/B08G51MJ7R/ref=sr_1_190?__mk_es_MX=%C3%85M%C3%85%C5%BD%C3%95%C3%91&dchild=1&keywords=data+science&qid=1619021569&sr=8-190,"Python for Data Science: Master Data Analysis from Scratch, with Business Analytics Tools and Step-by-Step techniques for Beginners. The Future of Machine ... Artificial Intelligence (English Edition)",3.9,6,0,0,107.87,107.87,0,107.87
https://www.amazon.com.mx/Big-Book-Python-Data-Analysis-ebook/dp/B08ZVWSYMH/ref=sr_1_220?__mk_es_MX=%C3%85M%C3%85%C5%BD%C3%95%C3%91&dchild=1&keywords=data+science&qid=1619021584&sr=8-220,The Big Book Of Python For Data Analysis: Learn Data Science And Coding With Python: Python Book (English Edition),0,0,0,0,102.68,102.68,0,102.68
https://www.amazon.com.mx/Python-Data-Analysis-Beginners-Discovering-ebook/dp/B08X2TQHNN/ref=sr_1_207?__mk_es_MX=%C3%85M%C3%85%C5%BD%C3%95%C3%91&dchild=1&keywords=data+science&qid=1619021584&sr=8-207,"Python for Data Analysis: The Top Guide for Beginners to Discovering Data Science from Scratch, Data Analysis, Analytics & Machine Learning using Python ... Cases - 4 Books in 1 (English Edition)",4.6,13,0,0,101.34,101.34,0,101.34
https://www.amazon.com.mx/dp/B093365TQB/ref=sr_1_230?__mk_es_MX=%C3%85M%C3%85%C5%BD%C3%95%C3%91&dchild=1&keywords=data+science&qid=1619021584&sr=8-230,Information theory assisted data visualization and exploration (English Edition),0,0,0,0,99.86,99.86,0,99.86
https://www.amazon.com.mx/dp/B093365TQB/ref=sr_1_242?__mk_es_MX=%C3%85M%C3%85%C5%BD%C3%95%C3%91&dchild=1&keywords=data+science&qid=1619021599&sr=8-242,Information theory assisted data visualization and exploration (English Edition),0,0,0,0,99.86,99.86,0,99.86
https://www.amazon.com.mx/Evaluation-parameters-settlement-regional-climatic-ebook/dp/B092TYNP1T/ref=sr_1_248?__mk_es_MX=%C3%85M%C3%85%C5%BD%C3%95%C3%91&dchild=1&keywords=data+science&qid=1619021599&sr=8-248,Evaluation of the design parameters in the settlement scale related to regional climatic data (English Edition),0,0,0,0,99.6,99.6,0,99.6
https://www.amazon.com.mx/dp/B0933JCRNL/ref=sr_1_261?__mk_es_MX=%C3%85M%C3%85%C5%BD%C3%95%C3%91&dchild=1&keywords=data+science&qid=1619021599&sr=8-261,Future Tales Big Box Set 2101-09: Forty Evocative Sci-fi and Dark Fantasy Stories (English Edition),0,0,0,0,99.4,99.4,0,99.4
https://www.amazon.com.mx/Mastering-Python-Programming-Computer-Beginners-ebook/dp/B09313QHLP/ref=sr_1_277?__mk_es_MX=%C3%85M%C3%85%C5%BD%C3%95%C3%91&dchild=1&keywords=data+science&qid=1619021599&sr=8-277,Mastering Python Programming: Key Computer Programming Concepts For Beginners: Python Programming Language (English Edition),0,0,0,0,98.89,98.89,0,98.89
https://www.amazon.com.mx/Data-Science-Comprehensive-Beginners-English-ebook/dp/B0825B4NSC/ref=sr_1_304?__mk_es_MX=%C3%85M%C3%85%C5%BD%C3%95%C3%91&dchild=1&keywords=data+science&qid=1619021615&sr=8-304,Data Science: A Comprehensive Beginner’s Guide to Learn the Realms of Data Science (English Edition),4,15,0,0,95.97,95.97,95.97,95.97
https://www.amazon.com.mx/Data-Visualization-Guide-Science-English-ebook/dp/B08Y7STQF2/ref=sr_1_250?__mk_es_MX=%C3%85M%C3%85%C5%BD%C3%95%C3%91&dchild=1&keywords=data+science&qid=1619021599&sr=8-250,Data Visualization Guide: Clear Guide to Data Science and Visualization (English Edition),0,0,0,0,95,95,95,95
https://www.amazon.com.mx/Art-Americas-Before-1300-Tiwanaku-ebook/dp/B09321Z6R3/ref=sr_1_208?__mk_es_MX=%C3%85M%C3%85%C5%BD%C3%95%C3%91&dchild=1&keywords=data+science&qid=1619021584&sr=8-208,Art Of The Americas Before 1300: The History Of Tiwanaku & Puma Punku: Tiwanaku And Puma Punku (English Edition),0,0,0,0,87,87,0,87
https://www.amazon.com.mx/Tiwanaku-Puma-Punku-History-Pre-Columbian-ebook/dp/B0931674MN/ref=sr_1_223?__mk_es_MX=%C3%85M%C3%85%C5%BD%C3%95%C3%91&dchild=1&keywords=data+science&qid=1619021584&sr=8-223,"Tiwanaku And Puma Punku In US History: Myth Of An Edenic, Pre-Columbian ‘New’ World: Puma Punku In The Bible (English Edition)",0,0,0,0,87,87,0,87
https://www.amazon.com.mx/Visualizaci%C3%B3n-Datos-Storytelling-Jose-Berengueres-ebook/dp/B085B8M7XH/ref=sr_1_110?__mk_es_MX=%C3%85M%C3%85%C5%BD%C3%95%C3%91&dchild=1&keywords=data+science&qid=1619021554&sr=8-110,Visualización de Datos & Storytelling,4.2,72,0,0,80.33,80.33,0,80.33
https://www.amazon.com.mx/Essay-Concerning-Humane-Understanding-English-ebook/dp/B092ZSGGJQ/ref=sr_1_127?__mk_es_MX=%C3%85M%C3%85%C5%BD%C3%95%C3%91&dchild=1&keywords=data+science&qid=1619021554&sr=8-127,An Essay Concerning Humane Understanding (English Edition),0,0,0,0,79.07,79.07,79.07,79.07
https://www.amazon.com.mx/dp/B0931QVWDX/ref=sr_1_111?__mk_es_MX=%C3%85M%C3%85%C5%BD%C3%95%C3%91&dchild=1&keywords=data+science&qid=1619021554&sr=8-111,MASTERING STATISTICAL THINKING : Learning Logics Of Statistical Thinking From Beginners To Expert Level (English Edition),0,0,0,0,79.07,79.07,0,79.07
https://www.amazon.com.mx/Data-Science-2-0-Raspberry-Arduino-ebook/dp/B07STKYD8R/ref=sr_1_263?__mk_es_MX=%C3%85M%C3%85%C5%BD%C3%95%C3%91&dchild=1&keywords=data+science&qid=1619021599&sr=8-263,Data Science 2.0 With Raspberry Pi 3 and Arduino: Live Robotics Projects using Python 3.7 (English Edition),5,1,0,0,78.55,78.55,0,78.55
https://www.amazon.com.mx/Data-Information-Technology-Governance-Consulting-ebook/dp/B092YV4G81/ref=sr_1_138?__mk_es_MX=%C3%85M%C3%85%C5%BD%C3%95%C3%91&dchild=1&keywords=data+science&qid=1619021554&sr=8-138,"Data & Information Technology: Data Governance, Marketing Analytics, Information Management and Management Consulting. (English Edition)",0,0,0,0,77.09,77.09,0,77.09
https://www.amazon.com.mx/Science-Arduino-Raspberry-Projects-English-ebook/dp/B07T8216WD/ref=sr_1_270?__mk_es_MX=%C3%85M%C3%85%C5%BD%C3%95%C3%91&dchild=1&keywords=data+science&qid=1619021599&sr=8-270,Data Science 2.0 using Python 3.7 With New Arduino and Raspberry Pi 3 Projects (English Edition),0,0,0,0,76.5,76.5,0,76.5
https://www.amazon.com.mx/History-Ukwa-Ngwa-People-Town-ebook/dp/B092ZF349W/ref=sr_1_163?__mk_es_MX=%C3%85M%C3%85%C5%BD%C3%95%C3%91&dchild=1&keywords=data+science&qid=1619021569&sr=8-163,History of Ukwa/Ngwa People and Aba Town: Once Upon a Time (English Edition),0,0,0,0,75,75,75,75
https://www.amazon.com.mx/Python-Data-Analysis-Comprehensive-Analytics-ebook/dp/B08KF5LXFD/ref=sr_1_227?__mk_es_MX=%C3%85M%C3%85%C5%BD%C3%95%C3%91&dchild=1&keywords=data+science&qid=1619021584&sr=8-227,"Python Data Analysis: Comprehensive Guide to Data Science, Analytics and Metrics with Python (Data Science and Analysis Book 1) (English Edition)",3.8,3,0,0,63.61,63.61,63.61,63.61
https://www.amazon.com.mx/Data-Science-Beginners-Comprehensive-Important-ebook/dp/B08SPDBDSS/ref=sr_1_302?__mk_es_MX=%C3%85M%C3%85%C5%BD%C3%95%C3%91&dchild=1&keywords=data+science&qid=1619021615&sr=8-302,Data Science for Beginners: Comprehensive Guide to Most Important Basics in Data Science (Data Science and Analysis) (English Edition),3.7,6,0,0,59.99,59.99,59.99,59.99
https://www.amazon.com.mx/February-Facebook-Database-Entries-Coordinates-ebook/dp/B092WZGS68/ref=sr_1_298?__mk_es_MX=%C3%85M%C3%85%C5%BD%C3%95%C3%91&dchild=1&keywords=data+science&qid=1619021615&sr=8-298,February 2021 Facebook FB Weekly Database Entries & Price Pattern Coordinates Charts (English Edition),0,0,0,0,59.76,59.76,0,59.76
https://www.amazon.com.mx/Mapeo-suelos-afectados-por-salinidad-ebook/dp/B092ZW46X5/ref=sr_1_290?__mk_es_MX=%C3%85M%C3%85%C5%BD%C3%95%C3%91&dchild=1&keywords=data+science&qid=1619021615&sr=8-290,Mapeo de suelos afectados por salinidad - Manual técnico,0,0,0,0,39.44,39.44,39.44,39.44
https://www.amazon.com.mx/Python-Data-Science-Step-Step-ebook/dp/B08ZL5JTX7/ref=sr_1_167?__mk_es_MX=%C3%85M%C3%85%C5%BD%C3%95%C3%91&dchild=1&keywords=data+science&qid=1619021569&sr=8-167,"Python for Data Science: The Ultimate Step-by-Step Guide to Learn Python In 7 Days & NLP, Data Science from with Python (Master The basics of Data Science ... Artificial Intelligence) (English Edition)",0,0,0,0,19.89,19.89,0,19.89
https://www.amazon.com.mx/Lascar-Electronics-EL-WIFI-TH-Wireless-Temperature/dp/B008LVQBI0/ref=sr_1_285?__mk_es_MX=%C3%85M%C3%85%C5%BD%C3%95%C3%91&dchild=1&keywords=data+science&qid=1619021599&sr=8-285,Lascar - 1800009 Electronics EL-WIFI-TH Wireless Temperature/RH Data Logger,0,0,0,0,1.37,0,0,0
https://www.amazon.com.mx/Python-Programming-Advanced-Mastering-Object-Oriented/dp/170024132X/ref=sr_1_260?__mk_es_MX=%C3%85M%C3%85%C5%BD%C3%95%C3%91&dchild=1&keywords=data+science&qid=1619021599&sr=8-260,Python Programming Advanced: The Guide for Data Analysis and Data Science. Discover Machine Learning With the optimum Recipes for Mastering Python and Powerful Object-Oriented Programming,5,2,0,0,0,0,0,0
https://www.amazon.com.mx/Python-Data-Analysis-Manipulation-Visualization/dp/B08K3WF1PS/ref=sr_1_161?__mk_es_MX=%C3%85M%C3%85%C5%BD%C3%95%C3%91&dchild=1&keywords=data+science&qid=1619021569&sr=8-161,"Python for Data Analysis: A Practical Guide You Can't Miss to Master Data Using Python. Key Tools for Data Science, Introducing You Into Data Manipulation, Data Visualization, Machine Learning.",4.7,11,0,0,0,0,0,0
https://www.amazon.com.mx/Programming-Computations-Introduction-Simulations-Computational-ebook/dp/B078YGVNSF/ref=sr_1_59?__mk_es_MX=%C3%85M%C3%85%C5%BD%C3%95%C3%91&dchild=1&keywords=data+science&qid=1619021539&sr=8-59,Programming for Computations - Python: A Gentle Introduction to Numerical Simulations with Python (Texts in Computational Science and Engineering Book 15) (English Edition),4.6,760,0,0,0,0,0,0
https://www.amazon.com.mx/Fundamentals-Clinical-Data-Science-English-ebook/dp/B07FNGDHRR/ref=sr_1_50?__mk_es_MX=%C3%85M%C3%85%C5%BD%C3%95%C3%91&dchild=1&keywords=data+science&qid=1619021539&sr=8-50,Fundamentals of Clinical Data Science (English Edition),4.6,40,0,0,0,0,0,0
https://www.amazon.com.mx/Understanding-Statistics-Experimental-Design-Biosciences-ebook/dp/B07WFSMC5S/ref=sr_1_132?__mk_es_MX=%C3%85M%C3%85%C5%BD%C3%95%C3%91&dchild=1&keywords=data+science&qid=1619021554&sr=8-132,Understanding Statistics and Experimental Design : How to Not Lie with Statistics (Learning Materials in Biosciences) (English Edition),4.5,209,0,0,0,0,0,0
https://www.amazon.com.mx/Curve-Fitting-Approximation-D-James-Benton/dp/1520339542/ref=sr_1_57?__mk_es_MX=%C3%85M%C3%85%C5%BD%C3%95%C3%91&dchild=1&keywords=data+science&qid=1619021539&sr=8-57,Curve-Fitting: The Science and Art of Approximation,4.5,34,0,0,0,0,0,0
https://www.amazon.com.mx/Python-Bible-Beginner-Intermediate-Learning/dp/B0863R7BZS/ref=sr_1_141?__mk_es_MX=%C3%85M%C3%85%C5%BD%C3%95%C3%91&dchild=1&keywords=data+science&qid=1619021554&sr=8-141,"The Python Bible 7 in 1: Volumes One To Seven (Beginner, Intermediate, Data Science, Machine Learning, Finance, Neural Networks, Computer Vision)",4.5,24,0,0,0,0,0,0
https://www.amazon.com.mx/Practical-Statistics-Data-Scientists-Essential/dp/1491952962/ref=sr_1_137?__mk_es_MX=%C3%85M%C3%85%C5%BD%C3%95%C3%91&dchild=1&keywords=data+science&qid=1619021554&sr=8-137,Practical Statistics for Data Scientists: 50 Essential Concepts,4.4,346,0,0,0,0,0,0
https://www.amazon.com.mx/Fundamentals-Data-Science-Step-Step/dp/1693798921/ref=sr_1_136?__mk_es_MX=%C3%85M%C3%85%C5%BD%C3%95%C3%91&dchild=1&keywords=data+science&qid=1619021554&sr=8-136,Fundamentals of Data Science: Take the first Step to Become a Data Scientist: 1,4.4,4,0,0,0,0,0,0
https://www.amazon.com.mx/Fundamentals-Data-Science-Step-Step/dp/1693798921/ref=sr_1_151?__mk_es_MX=%C3%85M%C3%85%C5%BD%C3%95%C3%91&dchild=1&keywords=data+science&qid=1619021569&sr=8-151,Fundamentals of Data Science: Take the first Step to Become a Data Scientist: 1,4.4,4,0,0,0,0,0,0
https://www.amazon.com.mx/Ethics-Data-Science-English-Loukides-ebook/dp/B07GTC8ZN7/ref=sr_1_269?__mk_es_MX=%C3%85M%C3%85%C5%BD%C3%95%C3%91&dchild=1&keywords=data+science&qid=1619021599&sr=8-269,Ethics and Data Science (English Edition),4.3,90,0,0,0,0,0,0
https://www.amazon.com.mx/Building-Data-Science-Teams-English-ebook/dp/B005O4U3ZE/ref=sr_1_174?__mk_es_MX=%C3%85M%C3%85%C5%BD%C3%95%C3%91&dchild=1&keywords=data+science&qid=1619021569&sr=8-174,Building Data Science Teams (English Edition),4,78,0,0,0,0,0,0
https://www.amazon.com.mx/Doing-Data-Science-Intro-R/dp/1734113707/ref=sr_1_143?__mk_es_MX=%C3%85M%C3%85%C5%BD%C3%95%C3%91&dchild=1&keywords=data+science&qid=1619021554&sr=8-143,Doing Data Science: Intro to R: 1,0,0,0,0,0,0,0,0
